<?xml version="1.0" encoding="UTF-8" standalone="yes" ?><cp:coreProperties xmlns:cp="http://schemas.openxmlformats.org/package/2006/metadata/core-properties" xmlns:dc="http://purl.org/dc/elements/1.1/" xmlns:dcmitype="http://purl.org/dc/dcmitype/" xmlns:dcterms="http://purl.org/dc/terms/" xmlns:xsi="http://www.w3.org/2001/XMLSchema-instance"><cp:category>model</cp:category><dcterms:created xsi:type="dcterms:W3CDTF">2014-11-10T05:41:23Z</dcterms:created><dc:creator>Administrator</dc:creator><cp:lastModifiedBy>felip</cp:lastModifiedBy><dcterms:modified xsi:type="dcterms:W3CDTF">2022-01-09T21:32:43Z</dcterms:modified><cp:revision>1.23</cp:revision><cp:version>R2020a</cp:version></cp:coreProperties>