<?xml version="1.0" encoding="utf-8"?>
<GraphicalInterface>
  <P Name="NumRootInports">0</P>
  <P Name="NumRootOutports">0</P>
  <P Name="ParameterArgumentNames"/>
  <P Name="NumModelReferences">0</P>
  <P Name="NumTestPointedSignals">0</P>
  <P Name="NumProvidedFunctions">0</P>
  <P Name="NumRequiredFunctions">0</P>
  <P Name="NumResetEvents">0</P>
  <P Name="HasInitializeEvent">0</P>
  <P Name="HasTerminateEvent">0</P>
  <P Name="PreCompExecutionDomainType">Unset</P>
  <P Name="IsExportFunctionModel">0</P>
  <P Name="IsArchitectureModel">0</P>
  <P Name="IsAUTOSARArchitectureModel">0</P>
  <P Name="NumParameterArguments">0</P>
  <P Name="NumExternalFileReferences">8</P>
  <ExternalFileReference>
    <P Name="Reference">simulink_extras/Flip Flops/S-R
Flip-Flop</P>
    <P Name="Path">$bdroot/Relay /S-R Flip-Flop</P>
    <P Name="SID">25</P>
    <P Name="Type">LIBRARY_BLOCK</P>
  </ExternalFileReference>
  <ExternalFileReference>
    <P Name="Reference">simulink_extras/Flip Flops/S-R
Flip-Flop</P>
    <P Name="Path">$bdroot/Relay /S-R Flip-Flop1</P>
    <P Name="SID">26</P>
    <P Name="Type">LIBRARY_BLOCK</P>
  </ExternalFileReference>
  <ExternalFileReference>
    <P Name="Reference">simulink_extras/Flip Flops/S-R
Flip-Flop</P>
    <P Name="Path">$bdroot/Relay /S-R Flip-Flop2</P>
    <P Name="SID">27</P>
    <P Name="Type">LIBRARY_BLOCK</P>
  </ExternalFileReference>
  <ExternalFileReference>
    <P Name="Reference">powerlib/Elements/Three-Phase
Series RLC Load</P>
    <P Name="Path">$bdroot/Three-Phase Series RLC Load</P>
    <P Name="SID">7</P>
    <P Name="Type">LIBRARY_BLOCK</P>
  </ExternalFileReference>
  <ExternalFileReference>
    <P Name="Reference">powerlib/Measurements/Three-Phase
V-I Measurement</P>
    <P Name="Path">$bdroot/Three-Phase V-I Measurement</P>
    <P Name="SID">8</P>
    <P Name="Type">LIBRARY_BLOCK</P>
  </ExternalFileReference>
  <ExternalFileReference>
    <P Name="Reference">powerlib/Elements/Three-Phase Breaker</P>
    <P Name="Path">$bdroot/Three-Phase Breaker</P>
    <P Name="SID">9</P>
    <P Name="Type">LIBRARY_BLOCK</P>
  </ExternalFileReference>
  <ExternalFileReference>
    <P Name="Reference">powerlib/Elements/Three-Phase Fault</P>
    <P Name="Path">$bdroot/Three-Phase Fault</P>
    <P Name="SID">10</P>
    <P Name="Type">LIBRARY_BLOCK</P>
  </ExternalFileReference>
  <ExternalFileReference>
    <P Name="Reference">powerlib/Electrical
Sources/Three-Phase Source</P>
    <P Name="Path">$bdroot/Three-Phase Source</P>
    <P Name="SID">11</P>
    <P Name="Type">LIBRARY_BLOCK</P>
  </ExternalFileReference>
  <P Name="OrderedModelArguments">1</P>
</GraphicalInterface>
