<?xml version="1.0" encoding="UTF-8"?>
<sltp_editor version="1.1" packageUris="http://schema.mathworks.com/mf0/DiagramEditor/R2019a_20181107 http://schema.mathworks.com/mf0/SltpSyntax/R2020a_201913111440">
  <sltp.mm.syntax.Context type="sltp.mm.syntax.Context" uuid="bac10d3a-cff3-425f-a1e2-91e339cf9730">
    <rootGraph type="sltp.mm.syntax.Graph" uuid="0f112f76-93f8-4109-a390-ea60401439c6">
      <children type="sltp.mm.syntax.Node" uuid="c7e0749d-356c-40e3-858f-2dc69a9af981">
        <priority>40</priority>
        <rates type="sltp.mm.syntax.RateData">
          <color>#808080</color>
          <hasBlocks>true</hasBlocks>
          <rate>[0, 1]</rate>
          <title>FiM</title>
        </rates>
        <rates type="sltp.mm.syntax.RateData">
          <color>#e60000</color>
          <hasBlocks>true</hasBlocks>
          <rate>1e-06</rate>
          <title>D1</title>
        </rates>
        <rates type="sltp.mm.syntax.RateData">
          <color>#00d100</color>
          <hasBlocks>true</hasBlocks>
          <rate>0.001</rate>
          <title>D2</title>
        </rates>
        <title>FiM</title>
        <type>base</type>
        <diagramElement type="diagram.editor.model.Entity" uuid="daa89d42-81e6-426a-aafb-800ca134ccbd"/>
        <subgraph type="sltp.mm.syntax.Graph" uuid="99f77bdd-dbea-48c7-9f17-5a1d064d74e8">
          <title>FiM</title>
          <diagramElement type="diagram.editor.model.Diagram" uuid="1879d9e8-e90c-4d1d-ba0c-e252b02ec222"/>
        </subgraph>
      </children>
      <title>Default</title>
      <diagramElement type="diagram.editor.model.Diagram" uuid="e27667a1-0d3f-4a51-8c27-6de9293b2f85"/>
    </rootGraph>
  </sltp.mm.syntax.Context>
  <diagram.editor.model.Diagram type="diagram.editor.model.Diagram" uuid="e27667a1-0d3f-4a51-8c27-6de9293b2f85">
    <entities type="diagram.editor.model.Entity" uuid="daa89d42-81e6-426a-aafb-800ca134ccbd">
      <position>0,0</position>
      <size>0,0,0,0</size>
      <syntaxElement type="sltp.mm.syntax.Node" uuid="c7e0749d-356c-40e3-858f-2dc69a9af981"/>
      <title>FiM</title>
      <type>base</type>
      <subDiagram type="diagram.editor.model.Diagram" uuid="1879d9e8-e90c-4d1d-ba0c-e252b02ec222">
        <position>0,0</position>
        <syntaxElement type="sltp.mm.syntax.Graph" uuid="99f77bdd-dbea-48c7-9f17-5a1d064d74e8"/>
        <title>FiM</title>
        <type>graph.Graph</type>
      </subDiagram>
    </entities>
    <syntaxElement type="sltp.mm.syntax.Graph" uuid="0f112f76-93f8-4109-a390-ea60401439c6"/>
    <title>Default</title>
    <type>graph.Graph</type>
  </diagram.editor.model.Diagram>
</sltp_editor>