<?xml version="1.0" encoding="UTF-8"?>
<sltp_graph version="1.1" packageUris="http://schema.mathworks.com/mf0/sltp_mm/R2020a_201913111440">
  <sltp.mm.core.Context type="sltp.mm.core.Context" uuid="736a3e36-744b-4782-8579-74130c7f543e">
    <priorityDirection>HighNumberLast</priorityDirection>
    <editorState type="sltp.mm.core.EditorState" uuid="4c4330eb-fb25-4efc-a39d-dae99d1e5057">
      <isSynchronized>true</isSynchronized>
    </editorState>
    <rootTask type="sltp.mm.core.Task" uuid="7f2ec49c-ccbe-4538-abfe-26fc7e1c4f6e">
      <context type="sltp.mm.core.Context" uuid="736a3e36-744b-4782-8579-74130c7f543e"/>
      <explicit>false</explicit>
      <name>Default</name>
      <priority>-2147483648</priority>
      <subgraph type="sltp.mm.core.Graph" uuid="7b9aa334-6f4f-408d-a747-02cbe8df6ed3">
        <tasks type="sltp.mm.core.Task" uuid="41b8071b-e153-4533-a7db-a51e335db175">
          <baseTask>true</baseTask>
          <context type="sltp.mm.core.Context" uuid="736a3e36-744b-4782-8579-74130c7f543e"/>
          <explicit>false</explicit>
          <id>1</id>
          <name>FiM</name>
          <priority>40</priority>
          <rates type="sltp.mm.core.Rate" uuid="8966f052-030e-4808-9f9f-75287d1212e2">
            <annotation>FiM</annotation>
            <color>-2139062017</color>
            <hasBlocks>true</hasBlocks>
            <rateSpec type="sltp.mm.core.RateSpec">
              <offset>1</offset>
              <period>0</period>
            </rateSpec>
            <sti>0</sti>
          </rates>
          <rates type="sltp.mm.core.Rate" uuid="8606fdbb-dadb-4877-a1aa-9385e897aa75">
            <annotation>D1</annotation>
            <color>-436207361</color>
            <hasBlocks>true</hasBlocks>
            <rateSpec type="sltp.mm.core.RateSpec">
              <period>9.9999999999999995e-07</period>
            </rateSpec>
            <sti>1</sti>
          </rates>
          <rates type="sltp.mm.core.Rate" uuid="05a650a0-dfce-468c-ad69-7cd552de0c08">
            <annotation>D2</annotation>
            <color>13697279</color>
            <hasBlocks>true</hasBlocks>
            <rateSpec type="sltp.mm.core.RateSpec">
              <period>0.001</period>
            </rateSpec>
            <sti>2</sti>
          </rates>
        </tasks>
      </subgraph>
    </rootTask>
  </sltp.mm.core.Context>
</sltp_graph>