<?xml version="1.0" encoding="utf-8"?>
<System>
  <P Name="Location">[65, 167, 1049, 987]</P>
  <P Name="SetExecutionDomain">off</P>
  <P Name="ExecutionDomainType">Deduce</P>
  <P Name="SimulinkSubDomain">Simulink</P>
  <Block BlockType="Inport" Name="status" SID="12:235">
    <P Name="Position">[15, 373, 45, 387]</P>
    <P Name="ZOrder">-1</P>
  </Block>
  <Block BlockType="Demux" Name="Demux" SID="12:236">
    <P Name="Ports">[1, 6]</P>
    <P Name="Position">[100, 193, 105, 572]</P>
    <P Name="ZOrder">-2</P>
    <P Name="BackgroundColor">black</P>
    <P Name="ShowName">off</P>
    <P Name="Outputs">[1 1 1 1 1 1]</P>
  </Block>
  <Block BlockType="Goto" Name="Goto1" SID="12:240">
    <P Name="Position">[325, 21, 395, 49]</P>
    <P Name="ZOrder">1</P>
    <P Name="GotoTag">T52_4932_4472993565671</P>
    <P Name="TagVisibility">global</P>
  </Block>
  <Block BlockType="Goto" Name="Goto2" SID="12:241">
    <P Name="Position">[325, 66, 395, 94]</P>
    <P Name="ZOrder">2</P>
    <P Name="GotoTag">T52_4933_4474457681916</P>
    <P Name="TagVisibility">global</P>
  </Block>
  <Block BlockType="Goto" Name="Goto3" SID="12:242">
    <P Name="Position">[325, 111, 395, 139]</P>
    <P Name="ZOrder">3</P>
    <P Name="GotoTag">T52_4934_4476052076621</P>
    <P Name="TagVisibility">global</P>
  </Block>
  <Block BlockType="Goto" Name="Goto4" SID="12:243">
    <P Name="Position">[325, 156, 395, 184]</P>
    <P Name="ZOrder">4</P>
    <P Name="GotoTag">T56_5316_5083936930442</P>
    <P Name="TagVisibility">global</P>
  </Block>
  <Block BlockType="Goto" Name="Goto5" SID="12:244">
    <P Name="Position">[325, 201, 395, 229]</P>
    <P Name="ZOrder">5</P>
    <P Name="GotoTag">T56_5317_5085621077338</P>
    <P Name="TagVisibility">global</P>
  </Block>
  <Block BlockType="Goto" Name="Goto6" SID="12:245">
    <P Name="Position">[325, 246, 395, 274]</P>
    <P Name="ZOrder">6</P>
    <P Name="GotoTag">T56_5318_5087448779948</P>
    <P Name="TagVisibility">global</P>
  </Block>
  <Line>
    <P Name="ZOrder">1</P>
    <P Name="Src">12:235#out:1</P>
    <P Name="Points">[18, 0; 0, 5]</P>
    <P Name="Dst">12:236#in:1</P>
  </Line>
  <Line>
    <P Name="ZOrder">2</P>
    <P Name="Src">12:236#out:1</P>
    <P Name="Dst">12:240#in:1</P>
  </Line>
  <Line>
    <P Name="ZOrder">3</P>
    <P Name="Src">12:236#out:2</P>
    <P Name="Dst">12:241#in:1</P>
  </Line>
  <Line>
    <P Name="ZOrder">4</P>
    <P Name="Src">12:236#out:3</P>
    <P Name="Dst">12:242#in:1</P>
  </Line>
  <Line>
    <P Name="ZOrder">5</P>
    <P Name="Src">12:236#out:4</P>
    <P Name="Dst">12:243#in:1</P>
  </Line>
  <Line>
    <P Name="ZOrder">6</P>
    <P Name="Src">12:236#out:5</P>
    <P Name="Dst">12:244#in:1</P>
  </Line>
  <Line>
    <P Name="ZOrder">7</P>
    <P Name="Src">12:236#out:6</P>
    <P Name="Dst">12:245#in:1</P>
  </Line>
</System>
