<?xml version="1.0" encoding="utf-8"?>
<System>
  <P Name="Location">[20, 127, 741, 789]</P>
  <P Name="SetExecutionDomain">off</P>
  <P Name="ExecutionDomainType">Deduce</P>
  <P Name="SimulinkSubDomain">Simulink</P>
  <Block BlockType="From" Name="From1" SID="12:264">
    <P Name="Position">[15, 21, 85, 49]</P>
    <P Name="ZOrder">1</P>
    <P Name="GotoTag">T43_4162_2984321523732</P>
    <P Name="TagVisibility">global</P>
  </Block>
  <Block BlockType="Mux" Name="Mux" SID="12:229">
    <P Name="Ports">[1, 1]</P>
    <P Name="Position">[325, 270, 330, 610]</P>
    <P Name="ZOrder">-1</P>
    <P Name="ShowName">off</P>
    <P Name="Inputs">1</P>
    <P Name="DisplayOption">bar</P>
  </Block>
  <Block BlockType="Mux" Name="Mux_u" SID="12:230">
    <P Name="Ports">[2, 1]</P>
    <P Name="Position">[465, 374, 470, 461]</P>
    <P Name="ZOrder">-2</P>
    <P Name="Inputs">[6 3]</P>
    <P Name="DisplayOption">bar</P>
  </Block>
  <Block BlockType="Constant" Name="SwitchCurrents" SID="12:231">
    <P Name="Position">[350, 379, 430, 411]</P>
    <P Name="ZOrder">-3</P>
    <P Name="NameLocation">top</P>
    <P Name="Value">zeros(6,1)</P>
  </Block>
  <Block BlockType="Outport" Name="u" SID="12:232">
    <P Name="Position">[505, 413, 535, 427]</P>
    <P Name="ZOrder">-4</P>
    <P Name="VectorParamsAs1DForOutWhenUnconnected">off</P>
  </Block>
  <Line>
    <P Name="ZOrder">1</P>
    <P Name="Src">12:230#out:1</P>
    <P Name="Dst">12:232#in:1</P>
  </Line>
  <Line>
    <P Name="ZOrder">2</P>
    <P Name="Src">12:231#out:1</P>
    <P Name="Dst">12:230#in:1</P>
  </Line>
  <Line>
    <P Name="ZOrder">3</P>
    <P Name="Src">12:229#out:1</P>
    <P Name="Dst">12:230#in:2</P>
  </Line>
  <Line>
    <P Name="ZOrder">4</P>
    <P Name="Src">12:264#out:1</P>
    <P Name="Dst">12:229#in:1</P>
  </Line>
</System>
