<?xml version="1.0" encoding="utf-8"?>
<System>
  <P Name="Location">[124, 85, 631, 971]</P>
  <P Name="SetExecutionDomain">off</P>
  <P Name="ExecutionDomainType">Deduce</P>
  <P Name="SimulinkSubDomain">Simulink</P>
  <Block BlockType="Inport" Name="v,i" SID="12:238">
    <P Name="Position">[15, 373, 45, 387]</P>
    <P Name="ZOrder">-1</P>
  </Block>
  <Block BlockType="Demux" Name="Demux" SID="12:239">
    <P Name="Ports">[1, 12]</P>
    <P Name="Position">[100, 191, 105, 569]</P>
    <P Name="ZOrder">-2</P>
    <P Name="BackgroundColor">black</P>
    <P Name="ShowName">off</P>
    <P Name="Outputs">[1 1 1 1 1 1 1 1 1 1 1 1]</P>
  </Block>
  <Block BlockType="Goto" Name="Goto1" SID="12:252">
    <P Name="Position">[325, 21, 395, 49]</P>
    <P Name="ZOrder">1</P>
    <P Name="GotoTag">T53_5031_4594018519775</P>
    <P Name="TagVisibility">global</P>
  </Block>
  <Block BlockType="Goto" Name="Goto10" SID="12:261">
    <P Name="Position">[325, 426, 395, 454]</P>
    <P Name="ZOrder">10</P>
    <P Name="GotoTag">T65_5976_6557201520466</P>
    <P Name="TagVisibility">global</P>
  </Block>
  <Block BlockType="Goto" Name="Goto11" SID="12:262">
    <P Name="Position">[325, 471, 395, 499]</P>
    <P Name="ZOrder">11</P>
    <P Name="GotoTag">T65_5977_6559558401524</P>
    <P Name="TagVisibility">global</P>
  </Block>
  <Block BlockType="Goto" Name="Goto12" SID="12:263">
    <P Name="Position">[325, 516, 395, 544]</P>
    <P Name="ZOrder">12</P>
    <P Name="GotoTag">T65_5978_6562082865351</P>
    <P Name="TagVisibility">global</P>
  </Block>
  <Block BlockType="Goto" Name="Goto2" SID="12:253">
    <P Name="Position">[325, 66, 395, 94]</P>
    <P Name="ZOrder">2</P>
    <P Name="GotoTag">T53_5032_4595303971096</P>
    <P Name="TagVisibility">global</P>
  </Block>
  <Block BlockType="Goto" Name="Goto3" SID="12:254">
    <P Name="Position">[325, 111, 395, 139]</P>
    <P Name="ZOrder">3</P>
    <P Name="GotoTag">T53_5033_4596717242794</P>
    <P Name="TagVisibility">global</P>
  </Block>
  <Block BlockType="Goto" Name="Goto4" SID="12:255">
    <P Name="Position">[325, 156, 395, 184]</P>
    <P Name="ZOrder">4</P>
    <P Name="GotoTag">T57_5415_5215939345815</P>
    <P Name="TagVisibility">global</P>
  </Block>
  <Block BlockType="Goto" Name="Goto5" SID="12:256">
    <P Name="Position">[325, 201, 395, 229]</P>
    <P Name="ZOrder">5</P>
    <P Name="GotoTag">T57_5416_5217441401454</P>
    <P Name="TagVisibility">global</P>
  </Block>
  <Block BlockType="Goto" Name="Goto6" SID="12:257">
    <P Name="Position">[325, 246, 395, 274]</P>
    <P Name="ZOrder">6</P>
    <P Name="GotoTag">T57_5417_5219084494286</P>
    <P Name="TagVisibility">global</P>
  </Block>
  <Block BlockType="Goto" Name="Goto7" SID="12:258">
    <P Name="Position">[325, 291, 395, 319]</P>
    <P Name="ZOrder">7</P>
    <P Name="GotoTag">T66_6054_6658079183767</P>
    <P Name="TagVisibility">global</P>
  </Block>
  <Block BlockType="Goto" Name="Goto8" SID="12:259">
    <P Name="Position">[325, 336, 395, 364]</P>
    <P Name="ZOrder">8</P>
    <P Name="GotoTag">T66_6055_6660228720795</P>
    <P Name="TagVisibility">global</P>
  </Block>
  <Block BlockType="Goto" Name="Goto9" SID="12:260">
    <P Name="Position">[325, 381, 395, 409]</P>
    <P Name="ZOrder">9</P>
    <P Name="GotoTag">T66_6056_6662921465224</P>
    <P Name="TagVisibility">global</P>
  </Block>
  <Line>
    <P Name="ZOrder">1</P>
    <P Name="Src">12:238#out:1</P>
    <P Name="Dst">12:239#in:1</P>
  </Line>
  <Line>
    <P Name="ZOrder">2</P>
    <P Name="Src">12:239#out:1</P>
    <P Name="Dst">12:252#in:1</P>
  </Line>
  <Line>
    <P Name="ZOrder">3</P>
    <P Name="Src">12:239#out:2</P>
    <P Name="Dst">12:253#in:1</P>
  </Line>
  <Line>
    <P Name="ZOrder">4</P>
    <P Name="Src">12:239#out:3</P>
    <P Name="Dst">12:254#in:1</P>
  </Line>
  <Line>
    <P Name="ZOrder">5</P>
    <P Name="Src">12:239#out:4</P>
    <P Name="Dst">12:255#in:1</P>
  </Line>
  <Line>
    <P Name="ZOrder">6</P>
    <P Name="Src">12:239#out:5</P>
    <P Name="Dst">12:256#in:1</P>
  </Line>
  <Line>
    <P Name="ZOrder">7</P>
    <P Name="Src">12:239#out:6</P>
    <P Name="Dst">12:257#in:1</P>
  </Line>
  <Line>
    <P Name="ZOrder">8</P>
    <P Name="Src">12:239#out:7</P>
    <P Name="Dst">12:258#in:1</P>
  </Line>
  <Line>
    <P Name="ZOrder">9</P>
    <P Name="Src">12:239#out:8</P>
    <P Name="Dst">12:259#in:1</P>
  </Line>
  <Line>
    <P Name="ZOrder">10</P>
    <P Name="Src">12:239#out:9</P>
    <P Name="Dst">12:260#in:1</P>
  </Line>
  <Line>
    <P Name="ZOrder">11</P>
    <P Name="Src">12:239#out:10</P>
    <P Name="Dst">12:261#in:1</P>
  </Line>
  <Line>
    <P Name="ZOrder">12</P>
    <P Name="Src">12:239#out:11</P>
    <P Name="Dst">12:262#in:1</P>
  </Line>
  <Line>
    <P Name="ZOrder">13</P>
    <P Name="Src">12:239#out:12</P>
    <P Name="Dst">12:263#in:1</P>
  </Line>
</System>
