<?xml version="1.0" encoding="utf-8"?>
<System>
  <P Name="Location">[52, 52, 807, 594]</P>
  <P Name="SetExecutionDomain">off</P>
  <P Name="ExecutionDomainType">Deduce</P>
  <P Name="SIDHighWatermark">264</P>
  <P Name="SIDPrevWatermark">223</P>
  <P Name="SimulinkSubDomain">Simulink</P>
  <Block BlockType="SubSystem" Name="EquivalentModel1" SID="12:224">
    <P Name="Ports">[]</P>
    <P Name="Position">[15, 70, 143, 105]</P>
    <P Name="ZOrder">37</P>
    <P Name="FontName">Arial</P>
    <P Name="RequestExecContextInheritance">off</P>
    <Mask>
      <Display>color(&apos;red&apos;)
disp(&apos;EQUIVALENT CIRCUIT\nDiscrete&apos;)</Display>
      <Initialization>S  = GetDataForEquivalentModel(&apos;Discrete&apos;,gcbh);</Initialization>
    </Mask>
    <System Ref="system_12_224"/>
  </Block>
  <Block BlockType="Ground" Name="Ground" SID="12:55">
    <P Name="Position">[405, 20, 425, 40]</P>
    <P Name="ZOrder">-1</P>
    <P Name="ShowName">off</P>
  </Block>
  <Block BlockType="Terminator" Name="Terminator" SID="12:56">
    <P Name="Position">[445, 20, 465, 40]</P>
    <P Name="ZOrder">-2</P>
    <P Name="ShowName">off</P>
  </Block>
  <Line>
    <P Name="ZOrder">1</P>
    <P Name="Src">12:55#out:1</P>
    <P Name="Dst">12:56#in:1</P>
  </Line>
  <Annotation SID="12:57">
    <P Name="Name">Graphical user interface for the analysis of  
Simscape Power Systems (Specialized Technology) circuits. 
Place the Powergui block in the top-level of your model and double-click
on it to open the GUI.</P>
    <P Name="Position">[14, 2, 333, 52]</P>
    <P Name="InternalMargins">[0, 0, 0, 0]</P>
    <P Name="HorizontalAlignment">left</P>
    <P Name="ForegroundColor">blue</P>
    <P Name="ZOrder">-1</P>
  </Annotation>
</System>
