<?xml version="1.0" encoding="utf-8"?>
<System>
  <P Name="Location">[-7, -7, 1288, 688]</P>
  <P Name="SetExecutionDomain">off</P>
  <P Name="ExecutionDomainType">Deduce</P>
  <P Name="ZoomFactor">80</P>
  <P Name="SimulinkSubDomain">Simulink</P>
  <Block BlockType="Inport" Name="In1" SID="17">
    <P Name="Position">[100, 158, 130, 172]</P>
    <P Name="ZOrder">-1</P>
  </Block>
  <Block BlockType="Inport" Name="In2" SID="19">
    <P Name="Position">[100, 263, 130, 277]</P>
    <P Name="ZOrder">-2</P>
    <P Name="Port">2</P>
  </Block>
  <Block BlockType="Inport" Name="In3" SID="20">
    <P Name="Position">[100, 343, 130, 357]</P>
    <P Name="ZOrder">-3</P>
    <P Name="Port">3</P>
  </Block>
  <Block BlockType="Constant" Name="Constant" SID="21">
    <P Name="Position">[115, 440, 145, 470]</P>
    <P Name="ZOrder">-4</P>
    <P Name="Value">30e3</P>
  </Block>
  <Block BlockType="Constant" Name="Constant1" SID="28">
    <P Name="Position">[315, 470, 345, 500]</P>
    <P Name="ZOrder">-5</P>
    <P Name="Value">0</P>
    <P Name="OutDataTypeStr">boolean</P>
  </Block>
  <Block BlockType="DataTypeConversion" Name="Data Type Conversion" SID="35">
    <P Name="Position">[625, 268, 700, 302]</P>
    <P Name="ZOrder">-6</P>
    <P Name="OutDataTypeStr">double</P>
    <P Name="RndMeth">Floor</P>
    <P Name="SaturateOnIntegerOverflow">off</P>
  </Block>
  <Block BlockType="Logic" Name="Logical&#xA;Operator" SID="30">
    <P Name="Ports">[3, 1]</P>
    <P Name="Position">[525, 147, 560, 423]</P>
    <P Name="ZOrder">-7</P>
    <P Name="Inputs">3</P>
    <P Name="AllPortsSameDT">off</P>
    <P Name="OutDataTypeStr">boolean</P>
  </Block>
  <Block BlockType="RelationalOperator" Name="Relational&#xA;Operator" SID="22">
    <P Name="Ports">[2, 1]</P>
    <P Name="Position">[235, 142, 265, 173]</P>
    <P Name="ZOrder">-8</P>
    <P Name="Operator">&gt;</P>
    <P Name="InputSameDT">off</P>
    <P Name="OutDataTypeStr">boolean</P>
  </Block>
  <Block BlockType="RelationalOperator" Name="Relational&#xA;Operator1" SID="23">
    <P Name="Ports">[2, 1]</P>
    <P Name="Position">[235, 247, 265, 278]</P>
    <P Name="ZOrder">-9</P>
    <P Name="Operator">&gt;</P>
    <P Name="InputSameDT">off</P>
    <P Name="OutDataTypeStr">boolean</P>
  </Block>
  <Block BlockType="RelationalOperator" Name="Relational&#xA;Operator2" SID="24">
    <P Name="Ports">[2, 1]</P>
    <P Name="Position">[235, 342, 265, 373]</P>
    <P Name="ZOrder">-10</P>
    <P Name="Operator">&gt;</P>
    <P Name="InputSameDT">off</P>
    <P Name="OutDataTypeStr">boolean</P>
  </Block>
  <Block BlockType="Reference" Name="S-R&#xA;Flip-Flop" SID="25">
    <P Name="Ports">[2, 2]</P>
    <P Name="Position">[395, 125, 440, 200]</P>
    <P Name="ZOrder">-11</P>
    <P Name="LibraryVersion">1.67</P>
    <P Name="SourceBlock">simulink_extras/Flip Flops/S-R
Flip-Flop</P>
    <P Name="SourceType">SRFlipFlop</P>
    <P Name="SourceProductBaseCode">SL</P>
    <InstanceData>
      <P Name="RTWMemSecFuncInitTerm">Inherit from model</P>
      <P Name="RTWMemSecFuncExecute">Inherit from model</P>
      <P Name="RTWMemSecDataConstants">Inherit from model</P>
      <P Name="RTWMemSecDataInternal">Inherit from model</P>
      <P Name="RTWMemSecDataParameters">Inherit from model</P>
      <P Name="ContentPreviewEnabled">off</P>
      <P Name="initial_condition">0</P>
    </InstanceData>
  </Block>
  <Block BlockType="Reference" Name="S-R&#xA;Flip-Flop1" SID="26">
    <P Name="Ports">[2, 2]</P>
    <P Name="Position">[395, 245, 440, 320]</P>
    <P Name="ZOrder">-12</P>
    <P Name="LibraryVersion">1.67</P>
    <P Name="SourceBlock">simulink_extras/Flip Flops/S-R
Flip-Flop</P>
    <P Name="SourceType">SRFlipFlop</P>
    <P Name="SourceProductBaseCode">SL</P>
    <InstanceData>
      <P Name="RTWMemSecFuncInitTerm">Inherit from model</P>
      <P Name="RTWMemSecFuncExecute">Inherit from model</P>
      <P Name="RTWMemSecDataConstants">Inherit from model</P>
      <P Name="RTWMemSecDataInternal">Inherit from model</P>
      <P Name="RTWMemSecDataParameters">Inherit from model</P>
      <P Name="ContentPreviewEnabled">off</P>
      <P Name="initial_condition">0</P>
    </InstanceData>
  </Block>
  <Block BlockType="Reference" Name="S-R&#xA;Flip-Flop2" SID="27">
    <P Name="Ports">[2, 2]</P>
    <P Name="Position">[395, 365, 440, 440]</P>
    <P Name="ZOrder">-13</P>
    <P Name="LibraryVersion">1.67</P>
    <P Name="SourceBlock">simulink_extras/Flip Flops/S-R
Flip-Flop</P>
    <P Name="SourceType">SRFlipFlop</P>
    <P Name="SourceProductBaseCode">SL</P>
    <InstanceData>
      <P Name="RTWMemSecFuncInitTerm">Inherit from model</P>
      <P Name="RTWMemSecFuncExecute">Inherit from model</P>
      <P Name="RTWMemSecDataConstants">Inherit from model</P>
      <P Name="RTWMemSecDataInternal">Inherit from model</P>
      <P Name="RTWMemSecDataParameters">Inherit from model</P>
      <P Name="ContentPreviewEnabled">off</P>
      <P Name="initial_condition">0</P>
    </InstanceData>
  </Block>
  <Block BlockType="Terminator" Name="Terminator" SID="31">
    <P Name="Position">[470, 140, 485, 150]</P>
    <P Name="ZOrder">-14</P>
  </Block>
  <Block BlockType="Terminator" Name="Terminator1" SID="33">
    <P Name="Position">[470, 229, 480, 241]</P>
    <P Name="ZOrder">-15</P>
  </Block>
  <Block BlockType="Terminator" Name="Terminator2" SID="34">
    <P Name="Position">[470, 377, 480, 383]</P>
    <P Name="ZOrder">-16</P>
  </Block>
  <Block BlockType="Outport" Name="Out1" SID="18">
    <P Name="Position">[720, 278, 750, 292]</P>
    <P Name="ZOrder">-17</P>
  </Block>
  <Line>
    <P Name="ZOrder">1</P>
    <P Name="Src">17#out:1</P>
    <P Name="Points">[30, 0; 0, -15]</P>
    <P Name="Dst">22#in:1</P>
  </Line>
  <Line>
    <P Name="ZOrder">2</P>
    <P Name="Src">19#out:1</P>
    <P Name="Points">[30, 0; 0, -15]</P>
    <P Name="Dst">23#in:1</P>
  </Line>
  <Line>
    <P Name="ZOrder">3</P>
    <P Name="Src">20#out:1</P>
    <P Name="Dst">24#in:1</P>
  </Line>
  <Line>
    <P Name="ZOrder">4</P>
    <P Name="Src">21#out:1</P>
    <P Name="Points">[45, 0; 0, -90]</P>
    <Branch>
      <P Name="ZOrder">5</P>
      <P Name="Points">[0, -95]</P>
      <Branch>
        <P Name="ZOrder">6</P>
        <P Name="Points">[0, -105]</P>
        <P Name="Dst">22#in:2</P>
      </Branch>
      <Branch>
        <P Name="ZOrder">7</P>
        <P Name="Dst">23#in:2</P>
      </Branch>
    </Branch>
    <Branch>
      <P Name="ZOrder">8</P>
      <P Name="Dst">24#in:2</P>
    </Branch>
  </Line>
  <Line>
    <P Name="ZOrder">9</P>
    <P Name="Src">22#out:1</P>
    <P Name="Points">[55, 0; 0, -15]</P>
    <P Name="Dst">25#in:1</P>
  </Line>
  <Line>
    <P Name="ZOrder">10</P>
    <P Name="Src">23#out:1</P>
    <P Name="Dst">26#in:1</P>
  </Line>
  <Line>
    <P Name="ZOrder">11</P>
    <P Name="Src">24#out:1</P>
    <P Name="Points">[55, 0; 0, 25]</P>
    <P Name="Dst">27#in:1</P>
  </Line>
  <Line>
    <P Name="ZOrder">12</P>
    <P Name="Src">28#out:1</P>
    <P Name="Points">[15, 0; 0, -65]</P>
    <Branch>
      <P Name="ZOrder">13</P>
      <P Name="Dst">27#in:2</P>
    </Branch>
    <Branch>
      <P Name="ZOrder">14</P>
      <P Name="Points">[0, -120]</P>
      <Branch>
        <P Name="ZOrder">15</P>
        <P Name="Points">[0, -120]</P>
        <P Name="Dst">25#in:2</P>
      </Branch>
      <Branch>
        <P Name="ZOrder">16</P>
        <P Name="Dst">26#in:2</P>
      </Branch>
    </Branch>
  </Line>
  <Line>
    <P Name="ZOrder">17</P>
    <P Name="Src">25#out:2</P>
    <P Name="Points">[33, 0; 0, 15]</P>
    <P Name="Dst">30#in:1</P>
  </Line>
  <Line>
    <P Name="ZOrder">18</P>
    <P Name="Src">26#out:2</P>
    <P Name="Points">[0, -25; 65, 0]</P>
    <P Name="Dst">30#in:2</P>
  </Line>
  <Line>
    <P Name="ZOrder">19</P>
    <P Name="Src">27#out:2</P>
    <P Name="Points">[65, 0]</P>
    <P Name="Dst">30#in:3</P>
  </Line>
  <Line>
    <P Name="ZOrder">20</P>
    <P Name="Src">27#out:1</P>
    <P Name="Points">[10, 0]</P>
    <P Name="Dst">34#in:1</P>
  </Line>
  <Line>
    <P Name="ZOrder">21</P>
    <P Name="Src">26#out:1</P>
    <P Name="Points">[5, 0; 0, -30]</P>
    <P Name="Dst">33#in:1</P>
  </Line>
  <Line>
    <P Name="ZOrder">22</P>
    <P Name="Src">25#out:1</P>
    <P Name="Dst">31#in:1</P>
  </Line>
  <Line>
    <P Name="ZOrder">23</P>
    <P Name="Src">30#out:1</P>
    <P Name="Dst">35#in:1</P>
  </Line>
  <Line>
    <P Name="ZOrder">24</P>
    <P Name="Src">35#out:1</P>
    <P Name="Dst">18#in:1</P>
  </Line>
</System>
