<?xml version="1.0" encoding="utf-8"?>
<System>
  <P Name="Location">[-7, -7, 1288, 688]</P>
  <P Name="Open">on</P>
  <P Name="SetExecutionDomain">off</P>
  <P Name="ExecutionDomainType">Deduce</P>
  <P Name="ZoomFactor">77</P>
  <P Name="ReportName">simulink-default.rpt</P>
  <P Name="SIDHighWatermark">59</P>
  <P Name="SimulinkSubDomain">Simulink</P>
  <Block BlockType="Demux" Name="Demux" SID="1">
    <P Name="Ports">[1, 3]</P>
    <P Name="Position">[460, 136, 465, 174]</P>
    <P Name="ZOrder">-1</P>
    <P Name="ShowName">off</P>
    <P Name="Outputs">3</P>
  </Block>
  <Block BlockType="Demux" Name="Demux1" SID="2">
    <P Name="Ports">[1, 3]</P>
    <P Name="Position">[460, 91, 465, 129]</P>
    <P Name="ZOrder">-2</P>
    <P Name="ShowName">off</P>
    <P Name="Outputs">3</P>
  </Block>
  <Block BlockType="SubSystem" Name="Relay&#xA;" SID="16">
    <P Name="Ports">[3, 1]</P>
    <P Name="Position">[725, 124, 825, 166]</P>
    <P Name="ZOrder">-6</P>
    <P Name="BackgroundColor">darkGreen</P>
    <P Name="RequestExecContextInheritance">off</P>
    <System Ref="system_16"/>
  </Block>
  <Block BlockType="Scope" Name="Scope" SID="3">
    <P Name="Ports">[3]</P>
    <P Name="Position">[635, 74, 665, 106]</P>
    <P Name="ZOrder">-3</P>
    <P Name="ScopeSpecificationString">Simulink.scopes.TimeScopeBlockCfg(&apos;CurrentConfiguration&apos;, extmgr.ConfigurationSet(extmgr.Configuration(&apos;Core&apos;,&apos;General UI&apos;,true,&apos;FigureColor&apos;,[1 1 1]),extmgr.Configuration(&apos;Core&apos;,&apos;Source UI&apos;,true),extmgr.Configuration(&apos;Sources&apos;,&apos;WiredSimulink&apos;,true,&apos;DataLoggingSaveFormat&apos;,&apos;StructureWithTime&apos;,&apos;DataLoggingMaxPoints&apos;,&apos;5000000&apos;,&apos;DataLoggingLimitDataPoints&apos;,true,&apos;DataLoggingDecimation&apos;,&apos;1&apos;,&apos;DataLoggingDecimateData&apos;,true),extmgr.Configuration(&apos;Visuals&apos;,&apos;Time Domain&apos;,true,&apos;SerializedDisplays&apos;,{struct(&apos;MinYLimReal&apos;,&apos;-17180.46071&apos;,&apos;MaxYLimReal&apos;,&apos;17180.46071&apos;,&apos;YLabelReal&apos;,&apos;&apos;,&apos;MinYLimMag&apos;,&apos;   0.00000&apos;,&apos;MaxYLimMag&apos;,&apos;17180.46071&apos;,&apos;LegendVisibility&apos;,&apos;off&apos;,&apos;XGrid&apos;,true,&apos;YGrid&apos;,true,&apos;PlotMagPhase&apos;,false,&apos;AxesColor&apos;,[1 1 1],&apos;AxesTickColor&apos;,[0 0 0],&apos;ColorOrder&apos;,[0 0.447058823529412 0.741176470588235;0.850980392156863 0.325490196078431 0.0980392156862745;0.929411764705882 0.694117647058824 0.125490196078431;0.494117647058824 0.184313725490196 0.556862745098039;0.466666666666667 0.674509803921569 0.188235294117647;0.301960784313725 0.745098039215686 0.933333333333333;0.635294117647059 0.0784313725490196 0.184313725490196],&apos;Title&apos;,&apos;%&lt;SignalLabel&gt;&apos;,&apos;LinePropertiesCache&apos;,{{struct(&apos;Color&apos;,[0 0 0],&apos;LineStyle&apos;,&apos;-&apos;,&apos;LineWidth&apos;,0.75,&apos;Marker&apos;,&apos;none&apos;,&apos;Visible&apos;,&apos;on&apos;)}},&apos;UserDefinedChannelNames&apos;,{{}},&apos;NumLines&apos;,1,&apos;LineNames&apos;,{{&apos;Demux1/1&apos;}},&apos;ShowContent&apos;,true,&apos;Placement&apos;,1),struct(&apos;MinYLimReal&apos;,&apos;-17180.46055&apos;,&apos;MaxYLimReal&apos;,&apos;17180.46056&apos;,&apos;YLabelReal&apos;,&apos;&apos;,&apos;MinYLimMag&apos;,&apos;0&apos;,&apos;MaxYLimMag&apos;,&apos;10&apos;,&apos;LegendVisibility&apos;,&apos;off&apos;,&apos;XGrid&apos;,true,&apos;YGrid&apos;,true,&apos;PlotMagPhase&apos;,false,&apos;AxesColor&apos;,[1 1 1],&apos;AxesTickColor&apos;,[0 0 0],&apos;ColorOrder&apos;,[0 0.447058823529412 0.741176470588235;0.850980392156863 0.325490196078431 0.0980392156862745;0.929411764705882 0.694117647058824 0.125490196078431;0.494117647058824 0.184313725490196 0.556862745098039;0.466666666666667 0.674509803921569 0.188235294117647;0.301960784313725 0.745098039215686 0.933333333333333;0.635294117647059 0.0784313725490196 0.184313725490196],&apos;Title&apos;,&apos;%&lt;SignalLabel&gt;&apos;,&apos;LinePropertiesCache&apos;,{{}},&apos;UserDefinedChannelNames&apos;,{{}},&apos;NumLines&apos;,2,&apos;LineNames&apos;,{{&apos;Demux1/2&apos;,&apos;Demux1/3&apos;}},&apos;ShowContent&apos;,true,&apos;Placement&apos;,2)},&apos;DisplayPropertyDefaults&apos;,struct(&apos;YLabelReal&apos;,&apos;&apos;,&apos;LegendVisibility&apos;,&apos;off&apos;,&apos;XGrid&apos;,true,&apos;YGrid&apos;,true,&apos;PlotMagPhase&apos;,false,&apos;ColorOrder&apos;,[1 1 0.0666666666666667;0.0745098039215686 0.623529411764706 1;1 0.411764705882353 0.16078431372549;0.392156862745098 0.831372549019608 0.0745098039215686;0.717647058823529 0.274509803921569 1;0.0588235294117647 1 1;1 0.0745098039215686 0.650980392156863],&apos;Title&apos;,&apos;%&lt;SignalLabel&gt;&apos;,&apos;LinePropertiesCache&apos;,{{}},&apos;UserDefinedChannelNames&apos;,{{}},&apos;NumLines&apos;,0,&apos;LineNames&apos;,{{[]}},&apos;ShowContent&apos;,true,&apos;Placement&apos;,1),&apos;DisplayLayoutDimensions&apos;,[1 2]),extmgr.Configuration(&apos;Tools&apos;,&apos;Plot Navigation&apos;,true,&apos;OnceAtStop&apos;,false,&apos;PreviousAutoscale&apos;,&apos;XY&apos;),extmgr.Configuration(&apos;Tools&apos;,&apos;Measurements&apos;,true,&apos;Version&apos;,&apos;2020a&apos;)),&apos;Version&apos;,&apos;2020a&apos;,&apos;Location&apos;,[-117 227 1163 401])</P>
    <P Name="NumInputPorts">3</P>
    <P Name="Floating">off</P>
  </Block>
  <Block BlockType="Scope" Name="Scope1" SID="4">
    <P Name="Ports">[3]</P>
    <P Name="Position">[635, 169, 665, 201]</P>
    <P Name="ZOrder">-4</P>
    <P Name="ScopeSpecificationString">Simulink.scopes.TimeScopeBlockCfg(&apos;CurrentConfiguration&apos;, extmgr.ConfigurationSet(extmgr.Configuration(&apos;Core&apos;,&apos;General UI&apos;,true,&apos;FigureColor&apos;,[1 1 1]),extmgr.Configuration(&apos;Core&apos;,&apos;Source UI&apos;,true),extmgr.Configuration(&apos;Sources&apos;,&apos;WiredSimulink&apos;,true,&apos;DataLoggingVariableName&apos;,&apos;ScopeData1&apos;,&apos;DataLoggingSaveFormat&apos;,&apos;StructureWithTime&apos;,&apos;DataLoggingMaxPoints&apos;,&apos;50000000&apos;,&apos;DataLoggingLimitDataPoints&apos;,true,&apos;DataLoggingDecimation&apos;,&apos;1&apos;,&apos;DataLoggingDecimateData&apos;,true),extmgr.Configuration(&apos;Visuals&apos;,&apos;Time Domain&apos;,true,&apos;SerializedDisplays&apos;,{struct(&apos;MinYLimReal&apos;,&apos;-21841.53531&apos;,&apos;MaxYLimReal&apos;,&apos;65411.50824&apos;,&apos;YLabelReal&apos;,&apos;&apos;,&apos;MinYLimMag&apos;,&apos;   0.00000&apos;,&apos;MaxYLimMag&apos;,&apos;65411.50824&apos;,&apos;LegendVisibility&apos;,&apos;On&apos;,&apos;XGrid&apos;,true,&apos;YGrid&apos;,true,&apos;PlotMagPhase&apos;,false,&apos;AxesColor&apos;,[1 1 1],&apos;AxesTickColor&apos;,[0 0 0],&apos;ColorOrder&apos;,[0 0.447058823529412 0.741176470588235;0.850980392156863 0.325490196078431 0.0980392156862745;0.929411764705882 0.694117647058824 0.125490196078431;0.494117647058824 0.184313725490196 0.556862745098039;0.466666666666667 0.674509803921569 0.188235294117647;0.301960784313725 0.745098039215686 0.933333333333333;0.635294117647059 0.0784313725490196 0.184313725490196],&apos;Title&apos;,&apos;%&lt;SignalLabel&gt;&apos;,&apos;LinePropertiesCache&apos;,{{struct(&apos;Visible&apos;,&apos;on&apos;,&apos;Color&apos;,[0 0.447058823529412 0.741176470588235],&apos;LineStyle&apos;,&apos;-&apos;,&apos;LineWidth&apos;,0.7,&apos;Marker&apos;,&apos;none&apos;),struct(&apos;Visible&apos;,&apos;on&apos;,&apos;Color&apos;,[0 0 0],&apos;LineStyle&apos;,&apos;-&apos;,&apos;LineWidth&apos;,0.75,&apos;Marker&apos;,&apos;none&apos;),struct(&apos;Visible&apos;,&apos;on&apos;)}},&apos;UserDefinedChannelNames&apos;,{{}},&apos;NumLines&apos;,3,&apos;LineNames&apos;,{{&apos;Demux/1&apos;,&apos;Demux/2&apos;,&apos;Demux/3&apos;}},&apos;ShowContent&apos;,true,&apos;Placement&apos;,1)},&apos;DisplayPropertyDefaults&apos;,struct(&apos;MinYLimReal&apos;,&apos;-21841.53531&apos;,&apos;MaxYLimReal&apos;,&apos;65411.50824&apos;,&apos;YLabelReal&apos;,&apos;&apos;,&apos;MinYLimMag&apos;,&apos;   0.00000&apos;,&apos;MaxYLimMag&apos;,&apos;65411.50824&apos;,&apos;LegendVisibility&apos;,&apos;On&apos;,&apos;XGrid&apos;,true,&apos;YGrid&apos;,true,&apos;PlotMagPhase&apos;,false,&apos;AxesColor&apos;,[1 1 1],&apos;AxesTickColor&apos;,[0 0 0],&apos;ColorOrder&apos;,[0 0.447058823529412 0.741176470588235;0.850980392156863 0.325490196078431 0.0980392156862745;0.929411764705882 0.694117647058824 0.125490196078431;0.494117647058824 0.184313725490196 0.556862745098039;0.466666666666667 0.674509803921569 0.188235294117647;0.301960784313725 0.745098039215686 0.933333333333333;0.635294117647059 0.0784313725490196 0.184313725490196],&apos;Title&apos;,&apos;%&lt;SignalLabel&gt;&apos;),&apos;PreserveColorsForCopyToClipboard&apos;,true),extmgr.Configuration(&apos;Tools&apos;,&apos;Plot Navigation&apos;,true,&apos;OnceAtStop&apos;,false,&apos;PreviousAutoscale&apos;,&apos;XY&apos;),extmgr.Configuration(&apos;Tools&apos;,&apos;Measurements&apos;,true,&apos;Version&apos;,&apos;2020a&apos;,&apos;Measurements&apos;,struct(&apos;triggers&apos;,struct(&apos;Mode&apos;,&apos;Auto&apos;,&apos;Position&apos;,0.546446164672764,&apos;Type&apos;,&apos;Edge&apos;,&apos;Polarity&apos;,&apos;Positive&apos;,&apos;AutoLevel&apos;,false,&apos;Level&apos;,-18.4430731249922,&apos;Hysteresis&apos;,0,&apos;UpperLevel&apos;,2.3,&apos;LowerLevel&apos;,0.2,&apos;MinTime&apos;,0,&apos;MaxTime&apos;,Inf,&apos;Timeout&apos;,0,&apos;Delay&apos;,0,&apos;Holdoff&apos;,0,&apos;SourceOffset&apos;,1,&apos;MainPanelOpen&apos;,1,&apos;TypePanelOpen&apos;,1,&apos;SettingsPanelOpen&apos;,1,&apos;OffsetPanelOpen&apos;,1)))),&apos;Version&apos;,&apos;2020a&apos;,&apos;Location&apos;,[11 223.666666666667 1286.33333333333 589.666666666667],&apos;VisibleAtModelOpen&apos;,&apos;on&apos;)</P>
    <P Name="NumInputPorts">3</P>
    <P Name="Floating">off</P>
  </Block>
  <Block BlockType="Step" Name="Step" SID="51">
    <P Name="Position">[425, 440, 455, 470]</P>
    <P Name="ZOrder">-5</P>
    <P Name="Time">0.1</P>
    <P Name="SampleTime">0</P>
  </Block>
  <Block BlockType="Reference" Name="Three-Phase&#xA;Series RLC Load" SID="7">
    <P Name="Ports">[0, 0, 0, 0, 0, 3]</P>
    <P Name="Position">[650, 267, 715, 323]</P>
    <P Name="ZOrder">-7</P>
    <P Name="NameLocation">top</P>
    <P Name="AttributesFormatString">\n</P>
    <P Name="LibraryVersion">1.2843</P>
    <P Name="FontName">Verdana</P>
    <P Name="FontSize">11</P>
    <P Name="SourceBlock">powerlib/Elements/Three-Phase
Series RLC Load</P>
    <P Name="SourceType">Three-Phase Series RLC Load</P>
    <P Name="SourceProductBaseCode">PS</P>
    <InstanceData>
      <P Name="LConnTagsString">A|B|C</P>
      <P Name="Configuration">Y (grounded)</P>
      <P Name="NominalVoltage">11e3</P>
      <P Name="Vabc">[1e3 1e3 1e3]</P>
      <P Name="Vabcp">[1e3 1e3 1e3]</P>
      <P Name="NominalFrequency">50</P>
      <P Name="UnbalancedPower">off</P>
      <P Name="ActivePower">200e6</P>
      <P Name="InductivePower">100</P>
      <P Name="CapacitivePower">0</P>
      <P Name="Pabc">[10e3 9e3 11e3]</P>
      <P Name="QLabc">[100 90 110]</P>
      <P Name="QCabc">[100 90 110]</P>
      <P Name="Pabcp">[10e3 9e3 11e3]</P>
      <P Name="QLabcp">[100 90 110]</P>
      <P Name="QCabcp">[100 90 110]</P>
      <P Name="Measurements">None</P>
      <P Name="LoadType">constant Z</P>
    </InstanceData>
  </Block>
  <Block BlockType="Reference" Name="Three-Phase&#xA;V-I Measurement" SID="8">
    <P Name="Ports">[0, 2, 0, 0, 0, 3, 3]</P>
    <P Name="Position">[380, 247, 430, 323]</P>
    <P Name="ZOrder">-8</P>
    <P Name="LibraryVersion">1.2843</P>
    <P Name="FontName">Verdana</P>
    <P Name="FontSize">11</P>
    <P Name="SourceBlock">powerlib/Measurements/Three-Phase
V-I Measurement</P>
    <P Name="SourceType">Three-Phase VI Measurement</P>
    <P Name="SourceProductBaseCode">PS</P>
    <InstanceData>
      <P Name="RTWMemSecFuncInitTerm">Inherit from model</P>
      <P Name="RTWMemSecFuncExecute">Inherit from model</P>
      <P Name="RTWMemSecDataConstants">Inherit from model</P>
      <P Name="RTWMemSecDataInternal">Inherit from model</P>
      <P Name="RTWMemSecDataParameters">Inherit from model</P>
      <P Name="ContentPreviewEnabled">off</P>
      <P Name="VoltageMeasurement">phase-to-phase</P>
      <P Name="SetLabelV">off</P>
      <P Name="LabelV">Vabc</P>
      <P Name="Vpu">off</P>
      <P Name="VpuLL">off</P>
      <P Name="CurrentMeasurement">yes</P>
      <P Name="SetLabelI">off</P>
      <P Name="LabelI">Iabc</P>
      <P Name="Ipu">off</P>
      <P Name="Pbase">100e6</P>
      <P Name="Vbase">500e3</P>
      <P Name="OutputType">Complex</P>
      <P Name="PhasorSimulation">off</P>
      <P Name="PSBequivalent">0</P>
    </InstanceData>
  </Block>
  <Block BlockType="Reference" Name="Three-Phase Breaker" SID="9">
    <P Name="Ports">[1, 0, 0, 0, 0, 3, 3]</P>
    <P Name="Position">[250, 256, 305, 319]</P>
    <P Name="ZOrder">-9</P>
    <P Name="LibraryVersion">1.2843</P>
    <P Name="FontName">Verdana</P>
    <P Name="FontSize">11</P>
    <P Name="SourceBlock">powerlib/Elements/Three-Phase Breaker</P>
    <P Name="SourceType">Three-Phase Breaker</P>
    <P Name="SourceProductBaseCode">PS</P>
    <InstanceData>
      <P Name="RTWMemSecFuncInitTerm">Inherit from model</P>
      <P Name="RTWMemSecFuncExecute">Inherit from model</P>
      <P Name="RTWMemSecDataConstants">Inherit from model</P>
      <P Name="RTWMemSecDataInternal">Inherit from model</P>
      <P Name="RTWMemSecDataParameters">Inherit from model</P>
      <P Name="ContentPreviewEnabled">off</P>
      <P Name="InitialState">closed</P>
      <P Name="SwitchA">on</P>
      <P Name="SwitchB">on</P>
      <P Name="SwitchC">on</P>
      <P Name="SwitchTimes">[4/60  10/60]</P>
      <P Name="External">on</P>
      <P Name="BreakerResistance">0.001</P>
      <P Name="SnubberResistance">1e6</P>
      <P Name="SnubberCapacitance">inf</P>
      <P Name="Measurements">None</P>
    </InstanceData>
  </Block>
  <Block BlockType="Reference" Name="Three-Phase Fault" SID="10">
    <P Name="Ports">[1, 0, 0, 0, 0, 3]</P>
    <P Name="Position">[575, 357, 615, 418]</P>
    <P Name="ZOrder">-10</P>
    <P Name="LibraryVersion">1.2843</P>
    <P Name="FontName">Verdana</P>
    <P Name="FontSize">11</P>
    <P Name="SourceBlock">powerlib/Elements/Three-Phase Fault</P>
    <P Name="SourceType">Three-Phase Fault</P>
    <P Name="SourceProductBaseCode">PS</P>
    <InstanceData>
      <P Name="RTWMemSecFuncInitTerm">Inherit from model</P>
      <P Name="RTWMemSecFuncExecute">Inherit from model</P>
      <P Name="RTWMemSecDataConstants">Inherit from model</P>
      <P Name="RTWMemSecDataInternal">Inherit from model</P>
      <P Name="RTWMemSecDataParameters">Inherit from model</P>
      <P Name="ContentPreviewEnabled">off</P>
      <P Name="InitialStates">[0 0 0]</P>
      <P Name="FaultA">on</P>
      <P Name="FaultB">off</P>
      <P Name="FaultC">off</P>
      <P Name="GroundFault">on</P>
      <P Name="SwitchTimes">[ 1/60 5/60]</P>
      <P Name="External">on</P>
      <P Name="SwitchStatus">[1 0]</P>
      <P Name="FaultResistance">0.001</P>
      <P Name="GroundResistance">0.001</P>
      <P Name="SnubberResistance">1e6</P>
      <P Name="SnubberCapacitance">inf</P>
      <P Name="Measurements">None</P>
    </InstanceData>
  </Block>
  <Block BlockType="Reference" Name="Three-Phase Source" SID="11">
    <P Name="Ports">[0, 0, 0, 0, 0, 0, 3]</P>
    <P Name="Position">[90, 256, 175, 314]</P>
    <P Name="ZOrder">-11</P>
    <P Name="LibraryVersion">1.2843</P>
    <P Name="FontName">Verdana</P>
    <P Name="FontSize">11</P>
    <P Name="SourceBlock">powerlib/Electrical
Sources/Three-Phase Source</P>
    <P Name="SourceType">Three-Phase Source</P>
    <P Name="SourceProductBaseCode">PS</P>
    <InstanceData>
      <P Name="RTWMemSecFuncInitTerm">Inherit from model</P>
      <P Name="RTWMemSecFuncExecute">Inherit from model</P>
      <P Name="RTWMemSecDataConstants">Inherit from model</P>
      <P Name="RTWMemSecDataInternal">Inherit from model</P>
      <P Name="RTWMemSecDataParameters">Inherit from model</P>
      <P Name="ContentPreviewEnabled">off</P>
      <P Name="InternalConnection">Yg</P>
      <P Name="VoltagePhases">off</P>
      <P Name="Voltage">11e3</P>
      <P Name="PhaseAngle">0</P>
      <P Name="Voltage_phases">[25e3 25e3 25e3]/sqrt(3)</P>
      <P Name="PhaseAngles_phases">[0 -120 +120]</P>
      <P Name="Frequency">50</P>
      <P Name="NonIdealSource">on</P>
      <P Name="SpecifyImpedance">on</P>
      <P Name="Resistance">0.8929</P>
      <P Name="Inductance">16.58e-3</P>
      <P Name="ShortCircuitLevel">500e6</P>
      <P Name="BaseVoltage">11e3</P>
      <P Name="XRratio">7</P>
      <P Name="BusType">swing</P>
      <P Name="Pref">0</P>
      <P Name="Qref">0</P>
      <P Name="Prefabc">[10e3, 10e3, 10e3]</P>
      <P Name="Qrefabc">[0, 0, 0]</P>
      <P Name="Qmin">-inf</P>
      <P Name="Qmax">inf</P>
    </InstanceData>
  </Block>
  <Block BlockType="ToFile" Name="To File" SID="54">
    <P Name="Ports">[1]</P>
    <P Name="Position">[605, 0, 665, 30]</P>
    <P Name="ZOrder">1369</P>
    <P Name="Filename">va_a_g.mat</P>
    <P Name="SaveFormat">Timeseries</P>
    <P Name="SampleTime">0.001</P>
  </Block>
  <Block BlockType="ToFile" Name="To File1" SID="55">
    <P Name="Ports">[1]</P>
    <P Name="Position">[745, -15, 805, 15]</P>
    <P Name="ZOrder">1370</P>
    <P Name="Filename">vb_a_g.mat</P>
    <P Name="SaveFormat">Timeseries</P>
    <P Name="SampleTime">0.001</P>
  </Block>
  <Block BlockType="ToFile" Name="To File2" SID="56">
    <P Name="Ports">[1]</P>
    <P Name="Position">[850, 0, 910, 30]</P>
    <P Name="ZOrder">1371</P>
    <P Name="Filename">vc_a_g.mat</P>
    <P Name="SaveFormat">Timeseries</P>
    <P Name="SampleTime">0.001</P>
  </Block>
  <Block BlockType="ToFile" Name="To File3" SID="57">
    <P Name="Ports">[1]</P>
    <P Name="Position">[850, 195, 910, 225]</P>
    <P Name="ZOrder">1372</P>
    <P Name="Filename">ia_a_g.mat</P>
    <P Name="SaveFormat">Timeseries</P>
    <P Name="SampleTime">0.001</P>
  </Block>
  <Block BlockType="ToFile" Name="To File4" SID="58">
    <P Name="Ports">[1]</P>
    <P Name="Position">[850, 235, 910, 265]</P>
    <P Name="ZOrder">1373</P>
    <P Name="Filename">ib_a_g.mat</P>
    <P Name="SaveFormat">Timeseries</P>
    <P Name="SampleTime">0.001</P>
  </Block>
  <Block BlockType="ToFile" Name="To File5" SID="59">
    <P Name="Ports">[1]</P>
    <P Name="Position">[850, 275, 910, 305]</P>
    <P Name="ZOrder">1374</P>
    <P Name="Filename">ic_a_g.mat</P>
    <P Name="SaveFormat">Timeseries</P>
    <P Name="SampleTime">0.001</P>
  </Block>
  <Block BlockType="SubSystem" Name="powergui" SID="12">
    <P Name="Ports">[]</P>
    <P Name="Position">[225, 670, 291, 709]</P>
    <P Name="ZOrder">-12</P>
    <P Name="Priority">1</P>
    <P Name="AncestorBlock">powerlib/powergui</P>
    <P Name="LibraryVersion">*1.2843</P>
    <P Name="DialogController">POWERSYS.PowerSysDialog</P>
    <P Name="PreSaveFcn">powergui( &apos;PreSaveFcn_Callback&apos; , gcb , [ ] , [ ] );</P>
    <P Name="InitFcn">powergui( &apos;InitFcn_Callback&apos; , gcb , 0 , [ ] );</P>
    <P Name="OpenFcn">sps_rtmsupport(&apos;OpenFcn&apos;,gcbh)</P>
    <P Name="FontName">Verdana</P>
    <P Name="RequestExecContextInheritance">off</P>
    <Mask SelfModifiable="on">
      <Type>PSB option menu block</Type>
      <Display PortRotate="physical">color(&apos;blue&apos;),disp(dispMessage)</Display>
      <Description>Set simulation type, simulation parameters, and preferences.</Description>
      <Initialization>dispMessage = powergui(&apos;MaskInitialization&apos;,gcb,SimulationMode,SampleTime);</Initialization>
      <Help>helpview(psbhelp)</Help>
      <MaskParameter Name="SimulationMode" Type="popup">
        <Prompt>Simulation type:</Prompt>
        <Value>Discrete</Value>
        <Callback>powergui(&apos;SimulationType&apos;,[],[],gcb);</Callback>
        <TypeOptions>
          <Option>Continuous</Option>
          <Option>Discrete</Option>
          <Option>Phasor</Option>
          <Option>Discrete phasor</Option>
        </TypeOptions>
      </MaskParameter>
      <MaskParameter Name="SampleTime" Type="edit">
        <Prompt>Sample time (s):</Prompt>
        <Value>1e-6</Value>
      </MaskParameter>
      <MaskParameter Name="frequency" Type="edit" Visible="off">
        <Prompt>Frequency (Hz):</Prompt>
        <Value>60</Value>
      </MaskParameter>
      <MaskParameter Name="Iterations" Type="edit">
        <Prompt>Max iterations</Prompt>
        <Value>50</Value>
      </MaskParameter>
      <MaskParameter Name="frequencyindice" Type="edit">
        <Prompt>Frequency (Hz)</Prompt>
        <Value>50</Value>
      </MaskParameter>
      <MaskParameter Name="Pbase" Type="edit">
        <Prompt>Base power (VA)</Prompt>
        <Value>100e6</Value>
      </MaskParameter>
      <MaskParameter Name="ErrMax" Type="edit">
        <Prompt>PQ tolerance (pu)</Prompt>
        <Value>1e-4</Value>
      </MaskParameter>
      <MaskParameter Name="UnitsV" Type="popup" Evaluate="off">
        <Prompt>Voltage units</Prompt>
        <Value>kV</Value>
        <TypeOptions>
          <Option>V</Option>
          <Option>kV</Option>
        </TypeOptions>
      </MaskParameter>
      <MaskParameter Name="UnitsW" Type="popup" Evaluate="off">
        <Prompt>Power units</Prompt>
        <Value>MW</Value>
        <TypeOptions>
          <Option>W</Option>
          <Option>kW</Option>
          <Option>MW</Option>
        </TypeOptions>
      </MaskParameter>
      <MaskParameter Name="buscounter" Type="edit" Visible="off">
        <Prompt>Load flow bus counter</Prompt>
        <Value>0</Value>
      </MaskParameter>
      <MaskParameter Name="FunctionMessages" Type="checkbox">
        <Prompt>Disable Specialized Power Systems warnings</Prompt>
        <Value>off</Value>
      </MaskParameter>
      <MaskParameter Name="echomessages" Type="checkbox">
        <Prompt>Display Specialized Power Systems compilation messages</Prompt>
        <Value>off</Value>
      </MaskParameter>
      <MaskParameter Name="EnableUseOfTLC" Type="checkbox" Evaluate="off">
        <Prompt>Use TLC file when in Accelerator Simulation Mode and for code generation</Prompt>
        <Value>off</Value>
      </MaskParameter>
      <MaskParameter Name="CurrentSourceSwitches" Type="checkbox" Visible="off">
        <Prompt>Disable ideal switching</Prompt>
        <Value>off</Value>
        <Callback>powergui(&apos;SimulationType&apos;,[],[],gcb);</Callback>
      </MaskParameter>
      <MaskParameter Name="DisableSnubberDevices" Type="checkbox" Visible="off">
        <Prompt>Disable snubbers in switching devices</Prompt>
        <Value>off</Value>
      </MaskParameter>
      <MaskParameter Name="DisableRonSwitches" Type="checkbox" Visible="off">
        <Prompt>Disable Ron resistances in switching devices</Prompt>
        <Value>off</Value>
      </MaskParameter>
      <MaskParameter Name="DisableVfSwitches" Type="checkbox" Visible="off">
        <Prompt>Disable forward voltages in switching devices</Prompt>
        <Value>off</Value>
      </MaskParameter>
      <MaskParameter Name="DisplayEquations" Type="checkbox" Visible="off">
        <Prompt>Display circuit differential equations</Prompt>
        <Value>off</Value>
      </MaskParameter>
      <MaskParameter Name="AutomaticDiscreteSolvers" Type="checkbox">
        <Prompt>Automatically handle Discrete solver and Advanced tab solver settings of blocks</Prompt>
        <Value>off</Value>
        <Callback>powergui(&apos;SimulationType&apos;,[],[],gcb);</Callback>
      </MaskParameter>
      <MaskParameter Name="SolverType" Type="popup" Evaluate="off">
        <Prompt>Discrete solver</Prompt>
        <Value>Tustin</Value>
        <Callback>powergui(&apos;SimulationType&apos;,[],[],gcb);</Callback>
        <TypeOptions>
          <Option>Tustin/Backward Euler (TBE)</Option>
          <Option>Tustin</Option>
          <Option>Backward Euler</Option>
        </TypeOptions>
      </MaskParameter>
      <MaskParameter Name="Interpol" Type="checkbox">
        <Prompt>Interpolate switching events</Prompt>
        <Value>off</Value>
        <Callback>powergui(&apos;SimulationType&apos;,[],[],gcb);</Callback>
      </MaskParameter>
      <MaskParameter Name="ExternalGateDelay" Type="checkbox" Visible="off">
        <Prompt>Use time-stamped gate signals</Prompt>
        <Value>off</Value>
        <Callback>powergui(&apos;SimulationType&apos;,[],[],gcb);</Callback>
      </MaskParameter>
      <MaskParameter Name="methode" Type="checkbox">
        <Prompt>Store switching topologies</Prompt>
        <Value>off</Value>
        <Callback>powergui(&apos;SimulationType&apos;,[],[],gcb);</Callback>
      </MaskParameter>
      <MaskParameter Name="Ts" Type="edit" Visible="off">
        <Prompt>    Buffer size (MBytes):</Prompt>
        <Value>0</Value>
      </MaskParameter>
      <MaskParameter Name="x0status" Type="popup">
        <Prompt>Start simulation with initial electrical states from:</Prompt>
        <Value>blocks</Value>
        <TypeOptions>
          <Option>blocks</Option>
          <Option>steady</Option>
          <Option>zero</Option>
        </TypeOptions>
      </MaskParameter>
      <MaskParameter Name="SPID" Type="checkbox" Visible="off">
        <Prompt>Use ideal switching devices</Prompt>
        <Value>off</Value>
      </MaskParameter>
      <MaskParameter Name="SwTol" Type="edit" Visible="off">
        <Prompt>Switch tolerance</Prompt>
        <Value>0</Value>
      </MaskParameter>
      <MaskParameter Name="HookPort" Type="checkbox" Visible="off">
        <Prompt>Allow multiple powergui blocks</Prompt>
        <Value>off</Value>
      </MaskParameter>
      <MaskParameter Name="NonlinearTolerance" Type="edit">
        <Prompt>Solver tolerance</Prompt>
        <Value>1e-4</Value>
      </MaskParameter>
      <MaskParameter Name="nMaxIteration" Type="edit">
        <Prompt>Maximum number of iterations</Prompt>
        <Value>100</Value>
      </MaskParameter>
      <MaskParameter Name="ContinueOnMaxIteration" Type="checkbox">
        <Prompt>Continue Simulation if maximum number of iterations is reached</Prompt>
        <Value>off</Value>
      </MaskParameter>
      <MaskParameter Name="RestoreLinks" Type="popup" Evaluate="off" Enabled="off" Visible="off">
        <Prompt>Restore disabled links of Simscape Power Systems ST blocks:</Prompt>
        <Value>warning</Value>
        <TypeOptions>
          <Option>yes</Option>
          <Option>warning</Option>
          <Option>no</Option>
        </TypeOptions>
      </MaskParameter>
      <MaskParameter Name="ResistiveCurrentMeasurement" Type="checkbox" Evaluate="off" Visible="off">
        <Prompt>Use non ideal current measurement blocks (1e-4Ohm internal resistance) </Prompt>
        <Value>off</Value>
      </MaskParameter>
      <MaskParameter Name="Frange" Type="edit" Visible="off">
        <Prompt>Frequency Range</Prompt>
        <Value>[0:2:500]</Value>
      </MaskParameter>
      <MaskParameter Name="Ylog" Type="checkbox" Visible="off">
        <Prompt>Log impedance</Prompt>
        <Value>off</Value>
      </MaskParameter>
      <MaskParameter Name="Xlog" Type="checkbox" Visible="off">
        <Prompt>log Frequency</Prompt>
        <Value>on</Value>
      </MaskParameter>
      <MaskParameter Name="ShowGrid" Type="checkbox" Visible="off">
        <Prompt>grid</Prompt>
        <Value>off</Value>
      </MaskParameter>
      <MaskParameter Name="save" Type="checkbox" Visible="off">
        <Prompt>Save Data To Workspace</Prompt>
        <Value>off</Value>
      </MaskParameter>
      <MaskParameter Name="variable" Type="edit" Evaluate="off" Visible="off">
        <Prompt>Variable Name</Prompt>
        <Value>ZData</Value>
      </MaskParameter>
      <MaskParameter Name="structure" Type="edit" Evaluate="off" Visible="off">
        <Prompt>Structure Name (PSBFFTSCOPE)</Prompt>
        <Value>0</Value>
      </MaskParameter>
      <MaskParameter Name="ZoomFFT" Type="checkbox" Visible="off">
        <Prompt>ZoomFFT (PSBFFTSCOPE)</Prompt>
        <Value>off</Value>
      </MaskParameter>
      <MaskParameter Name="StartTime" Type="edit" Visible="off">
        <Prompt>Start Time (PSBFFTSCOPE)</Prompt>
        <Value>0.0</Value>
      </MaskParameter>
      <MaskParameter Name="cycles" Type="edit" Visible="off">
        <Prompt>Cycles (PSBFFTSCOPE)</Prompt>
        <Value>1</Value>
      </MaskParameter>
      <MaskParameter Name="DisplayStyle" Type="edit" Evaluate="off" Visible="off">
        <Prompt>Display style (PSBFFTSCOPE)</Prompt>
        <Value>1</Value>
      </MaskParameter>
      <MaskParameter Name="fundamental" Type="edit" Visible="off">
        <Prompt>Fundamental (PSBFFTSCOPE)</Prompt>
        <Value>60</Value>
      </MaskParameter>
      <MaskParameter Name="FreqAxis" Type="checkbox" Visible="off">
        <Prompt>Frequency Axis (PSBFFTSCOPE)</Prompt>
        <Value>off</Value>
      </MaskParameter>
      <MaskParameter Name="MaxFrequency" Type="edit" Visible="off">
        <Prompt>Max Frequency (PSBFFTSCOPE)</Prompt>
        <Value>1000</Value>
      </MaskParameter>
      <MaskParameter Name="frequencyindicesteady" Type="edit" Visible="off">
        <Prompt>Frequency indice (STEADYSTATE)</Prompt>
        <Value>1</Value>
      </MaskParameter>
      <MaskParameter Name="RmsSteady" Type="edit" Visible="off">
        <Prompt>RMS display (STEADYSTATE)</Prompt>
        <Value>1</Value>
      </MaskParameter>
      <MaskParameter Name="display" Type="checkbox" Visible="off">
        <Prompt>Display Results</Prompt>
        <Value>off</Value>
        <Callback>sps_rtmsupport(&apos;parametereditingmodes&apos;,gcbh) % Will be executed last in parameter callbacks to ensure mask enable consistency</Callback>
      </MaskParameter>
      <DialogControl Type="Group" Name="DescGroupVar">
        <Prompt>%&lt;MaskType&gt;</Prompt>
        <DialogControl Type="Text" Name="DescTextVar">
          <Prompt>%&lt;MaskDescription&gt;</Prompt>
        </DialogControl>
      </DialogControl>
      <DialogControl Type="TabContainer" Name="ParameterTabContainerVar">
        <DialogControl Type="Tab" Name="SolverTab">
          <Prompt>Solver</Prompt>
          <DialogControl Type="Popup" Name="SimulationMode">
            <Prompt>Simulation type:</Prompt>
            <ControlOptions PromptLocation="left"/>
          </DialogControl>
          <DialogControl Type="Edit" Name="SampleTime">
            <Prompt>Sample time (s):</Prompt>
            <ControlOptions PromptLocation="left"/>
          </DialogControl>
          <DialogControl Type="Edit" Name="frequency">
            <Prompt>Frequency (Hz):</Prompt>
            <ControlOptions PromptLocation="left"/>
          </DialogControl>
          <DialogControl Type="Text" Name="AutoSolverNote">
            <Prompt>The Simulation type parameter is governed by Simulink. To access the Powergui solver settings, unselect auto (Automatic solver selection) solver in the Simulink solver options.</Prompt>
            <ControlOptions Visible="off"/>
          </DialogControl>
        </DialogControl>
        <DialogControl Type="Tab" Name="AnalysisTools">
          <Prompt>Tools</Prompt>
          <DialogControl Type="Text" Name="AddSomeSpace">
            <Prompt> </Prompt>
          </DialogControl>
          <DialogControl Type="Button" Name="SteadyState">
            <Prompt>Steady-State</Prompt>
            <Callback>close_system(gcb)
power_steadystate(bdroot(gcb),gcb);</Callback>
          </DialogControl>
          <DialogControl Type="Button" Name="InitialState">
            <Prompt>Initial State</Prompt>
            <Callback>close_system(gcb)
power_initstates(bdroot(gcb),gcb)</Callback>
            <ControlOptions Row="current"/>
          </DialogControl>
          <DialogControl Type="Button" Name="MachineInitialization">
            <Prompt>Machine Initialization</Prompt>
            <Callback>close_system(gcb)
power_loadflow(bdroot(gcb),gcb)</Callback>
          </DialogControl>
          <DialogControl Type="Button" Name="ImpedanceMeasurement">
            <Prompt>Impedance Measurement</Prompt>
            <Callback>close_system(gcb)
power_zmeter(bdroot(gcb),gcb)</Callback>
            <ControlOptions Row="current"/>
          </DialogControl>
          <DialogControl Type="Button" Name="FFTAnalysis">
            <Prompt>FFT Analysis</Prompt>
            <Callback>close_system(gcb)
power_fftscope(bdroot(gcb),gcb)</Callback>
          </DialogControl>
          <DialogControl Type="Button" Name="LinearSystemAnalyzer">
            <Prompt>Use Linear System Analyzer</Prompt>
            <Callback>close_system(gcb)
power_ltiview(bdroot(gcb),gcb)</Callback>
            <ControlOptions Row="current"/>
          </DialogControl>
          <DialogControl Type="Button" Name="HysteresisDesign">
            <Prompt>Hysteresis Design</Prompt>
            <Callback>close_system(gcb)
power_hysteresis(bdroot(gcb),gcb)</Callback>
          </DialogControl>
          <DialogControl Type="Button" Name="RLCLineParameters">
            <Prompt>RLC Line Parameters</Prompt>
            <Callback>close_system(gcb)
power_lineparam(bdroot(gcb),gcb)</Callback>
            <ControlOptions Row="current"/>
          </DialogControl>
          <DialogControl Type="Button" Name="GenerateReprot">
            <Prompt>Generate Report</Prompt>
            <Callback>close_system(gcb)
power_report(bdroot(gcb),gcb)</Callback>
          </DialogControl>
          <DialogControl Type="Button" Name="Control14">
            <Prompt>Customize SPS blocks</Prompt>
            <Callback>close_system(gcb);
power_customize;</Callback>
            <ControlOptions Row="current" HorizontalStretch="off"/>
          </DialogControl>
          <DialogControl Type="Button" Name="LoadFlow">
            <Prompt>Load Flow</Prompt>
            <Callback>close_system(gcb)
power_loadflow(&apos;-v2&apos;,bdroot(gcb))</Callback>
          </DialogControl>
          <DialogControl Type="CollapsiblePanel" Name="Container14">
            <Prompt>Load flow settings</Prompt>
            <DialogControl Type="Edit" Name="Iterations">
              <Prompt>Max iterations</Prompt>
              <ControlOptions HorizontalStretch="off" PromptLocation="left"/>
            </DialogControl>
            <DialogControl Type="Edit" Name="frequencyindice">
              <Prompt>Frequency (Hz)</Prompt>
              <ControlOptions HorizontalStretch="off" PromptLocation="left"/>
            </DialogControl>
            <DialogControl Type="Edit" Name="Pbase">
              <Prompt>Base power (VA)</Prompt>
              <ControlOptions HorizontalStretch="off" PromptLocation="left"/>
            </DialogControl>
            <DialogControl Type="Edit" Name="ErrMax">
              <Prompt>PQ tolerance (pu)</Prompt>
              <ControlOptions HorizontalStretch="off" PromptLocation="left"/>
            </DialogControl>
            <DialogControl Type="Popup" Name="UnitsV">
              <Prompt>Voltage units</Prompt>
              <ControlOptions PromptLocation="left"/>
            </DialogControl>
            <DialogControl Type="Popup" Name="UnitsW">
              <Prompt>Power units</Prompt>
              <ControlOptions PromptLocation="left"/>
            </DialogControl>
            <DialogControl Type="Edit" Name="buscounter">
              <Prompt>Load flow bus counter</Prompt>
              <ControlOptions PromptLocation="left"/>
            </DialogControl>
          </DialogControl>
        </DialogControl>
        <DialogControl Type="Tab" Name="ParameterTabVar012">
          <Prompt>Preferences</Prompt>
          <DialogControl Type="CheckBox" Name="FunctionMessages">
            <Prompt>Disable Specialized Power Systems warnings</Prompt>
          </DialogControl>
          <DialogControl Type="CheckBox" Name="echomessages">
            <Prompt>Display Specialized Power Systems compilation messages</Prompt>
          </DialogControl>
          <DialogControl Type="CheckBox" Name="EnableUseOfTLC">
            <Prompt>Use TLC file when in Accelerator Simulation Mode and for code generation</Prompt>
          </DialogControl>
          <DialogControl Type="CheckBox" Name="CurrentSourceSwitches">
            <Prompt>Disable ideal switching</Prompt>
          </DialogControl>
          <DialogControl Type="CheckBox" Name="DisableSnubberDevices">
            <Prompt>Disable snubbers in switching devices</Prompt>
          </DialogControl>
          <DialogControl Type="CheckBox" Name="DisableRonSwitches">
            <Prompt>Disable Ron resistances in switching devices</Prompt>
          </DialogControl>
          <DialogControl Type="CheckBox" Name="DisableVfSwitches">
            <Prompt>Disable forward voltages in switching devices</Prompt>
          </DialogControl>
          <DialogControl Type="CheckBox" Name="DisplayEquations">
            <Prompt>Display circuit differential equations</Prompt>
          </DialogControl>
          <DialogControl Type="Group" Name="Solver">
            <Prompt>Solver</Prompt>
            <DialogControl Type="CheckBox" Name="AutomaticDiscreteSolvers">
              <Prompt>Automatically handle Discrete solver and Advanced tab solver settings of blocks</Prompt>
            </DialogControl>
            <DialogControl Type="Popup" Name="SolverType">
              <Prompt>Discrete solver</Prompt>
              <ControlOptions PromptLocation="left"/>
            </DialogControl>
            <DialogControl Type="CheckBox" Name="Interpol">
              <Prompt>Interpolate switching events</Prompt>
            </DialogControl>
            <DialogControl Type="CheckBox" Name="ExternalGateDelay">
              <Prompt>Use time-stamped gate signals</Prompt>
            </DialogControl>
            <DialogControl Type="CheckBox" Name="methode">
              <Prompt>Store switching topologies</Prompt>
            </DialogControl>
            <DialogControl Type="Edit" Name="Ts">
              <Prompt>    Buffer size (MBytes):</Prompt>
              <ControlOptions Row="current" HorizontalStretch="off" PromptLocation="left"/>
            </DialogControl>
            <DialogControl Type="Popup" Name="x0status">
              <Prompt>Start simulation with initial electrical states from:</Prompt>
              <ControlOptions PromptLocation="left"/>
            </DialogControl>
            <DialogControl Type="CheckBox" Name="SPID">
              <Prompt>Use ideal switching devices</Prompt>
            </DialogControl>
            <DialogControl Type="Edit" Name="SwTol">
              <Prompt>Switch tolerance</Prompt>
              <ControlOptions PromptLocation="left"/>
            </DialogControl>
            <DialogControl Type="CheckBox" Name="HookPort">
              <Prompt>Allow multiple powergui blocks</Prompt>
            </DialogControl>
            <DialogControl Type="CollapsiblePanel" Name="SolverDetails">
              <Prompt>Solver details for nonlinear elements</Prompt>
              <DialogControl Type="Edit" Name="NonlinearTolerance">
                <Prompt>Solver tolerance</Prompt>
                <ControlOptions PromptLocation="left"/>
              </DialogControl>
              <DialogControl Type="Edit" Name="nMaxIteration">
                <Prompt>Maximum number of iterations</Prompt>
                <ControlOptions PromptLocation="left"/>
              </DialogControl>
              <DialogControl Type="CheckBox" Name="ContinueOnMaxIteration">
                <Prompt>Continue Simulation if maximum number of iterations is reached</Prompt>
              </DialogControl>
            </DialogControl>
            <DialogControl Type="Popup" Name="RestoreLinks">
              <Prompt>Restore disabled links of Simscape Power Systems ST blocks:</Prompt>
              <ControlOptions PromptLocation="left"/>
            </DialogControl>
            <DialogControl Type="CheckBox" Name="ResistiveCurrentMeasurement">
              <Prompt>Use non ideal current measurement blocks (1e-4Ohm internal resistance) </Prompt>
            </DialogControl>
          </DialogControl>
          <DialogControl Type="Edit" Name="Frange">
            <Prompt>Frequency Range</Prompt>
            <ControlOptions PromptLocation="left"/>
          </DialogControl>
          <DialogControl Type="CheckBox" Name="Ylog">
            <Prompt>Log impedance</Prompt>
          </DialogControl>
          <DialogControl Type="CheckBox" Name="Xlog">
            <Prompt>log Frequency</Prompt>
          </DialogControl>
          <DialogControl Type="CheckBox" Name="ShowGrid">
            <Prompt>grid</Prompt>
          </DialogControl>
          <DialogControl Type="CheckBox" Name="save">
            <Prompt>Save Data To Workspace</Prompt>
          </DialogControl>
          <DialogControl Type="Edit" Name="variable">
            <Prompt>Variable Name</Prompt>
            <ControlOptions PromptLocation="left"/>
          </DialogControl>
          <DialogControl Type="Edit" Name="structure">
            <Prompt>Structure Name (PSBFFTSCOPE)</Prompt>
            <ControlOptions PromptLocation="left"/>
          </DialogControl>
          <DialogControl Type="CheckBox" Name="ZoomFFT">
            <Prompt>ZoomFFT (PSBFFTSCOPE)</Prompt>
          </DialogControl>
          <DialogControl Type="Edit" Name="StartTime">
            <Prompt>Start Time (PSBFFTSCOPE)</Prompt>
            <ControlOptions PromptLocation="left"/>
          </DialogControl>
          <DialogControl Type="Edit" Name="cycles">
            <Prompt>Cycles (PSBFFTSCOPE)</Prompt>
            <ControlOptions PromptLocation="left"/>
          </DialogControl>
          <DialogControl Type="Edit" Name="DisplayStyle">
            <Prompt>Display style (PSBFFTSCOPE)</Prompt>
            <ControlOptions PromptLocation="left"/>
          </DialogControl>
          <DialogControl Type="Edit" Name="fundamental">
            <Prompt>Fundamental (PSBFFTSCOPE)</Prompt>
            <ControlOptions PromptLocation="left"/>
          </DialogControl>
          <DialogControl Type="CheckBox" Name="FreqAxis">
            <Prompt>Frequency Axis (PSBFFTSCOPE)</Prompt>
          </DialogControl>
          <DialogControl Type="Edit" Name="MaxFrequency">
            <Prompt>Max Frequency (PSBFFTSCOPE)</Prompt>
            <ControlOptions PromptLocation="left"/>
          </DialogControl>
          <DialogControl Type="Edit" Name="frequencyindicesteady">
            <Prompt>Frequency indice (STEADYSTATE)</Prompt>
            <ControlOptions PromptLocation="left"/>
          </DialogControl>
          <DialogControl Type="Edit" Name="RmsSteady">
            <Prompt>RMS display (STEADYSTATE)</Prompt>
            <ControlOptions PromptLocation="left"/>
          </DialogControl>
          <DialogControl Type="CheckBox" Name="display">
            <Prompt>Display Results</Prompt>
          </DialogControl>
        </DialogControl>
      </DialogControl>
    </Mask>
    <System Ref="system_12"/>
  </Block>
  <Line LineType="Connection">
    <P Name="ZOrder">1</P>
    <P Name="Src">8#rconn:1</P>
    <P Name="Points">[85, 0]</P>
    <Branch ConnectType="DEST_SRC">
      <P Name="Points">[0, -10]</P>
      <P Name="Dst">7#lconn:1</P>
    </Branch>
    <Branch ConnectType="DEST_SRC">
      <P Name="Points">[0, 95]</P>
      <P Name="Dst">10#lconn:1</P>
    </Branch>
  </Line>
  <Line LineType="Connection">
    <P Name="ZOrder">4</P>
    <P Name="Src">8#rconn:2</P>
    <P Name="Points">[70, 0]</P>
    <Branch ConnectType="DEST_SRC">
      <P Name="Points">[0, -5]</P>
      <P Name="Dst">7#lconn:2</P>
    </Branch>
    <Branch ConnectType="DEST_SRC">
      <P Name="Points">[0, 95]</P>
      <P Name="Dst">10#lconn:2</P>
    </Branch>
  </Line>
  <Line LineType="Connection">
    <P Name="ZOrder">7</P>
    <P Name="Src">8#rconn:3</P>
    <P Name="Points">[50, 0]</P>
    <Branch ConnectType="DEST_SRC">
      <P Name="Dst">7#lconn:3</P>
    </Branch>
    <Branch ConnectType="DEST_SRC">
      <P Name="Points">[0, 95]</P>
      <P Name="Dst">10#lconn:3</P>
    </Branch>
  </Line>
  <Line LineType="Connection">
    <P Name="ZOrder">10</P>
    <P Name="Src">9#rconn:2</P>
    <P Name="Points">[18, 0; 0, -5]</P>
    <P Name="Dst">8#lconn:2</P>
  </Line>
  <Line LineType="Connection">
    <P Name="ZOrder">11</P>
    <P Name="Src">9#rconn:1</P>
    <P Name="Points">[12, 0; 0, -10]</P>
    <P Name="Dst">8#lconn:1</P>
  </Line>
  <Line LineType="Connection">
    <P Name="ZOrder">12</P>
    <P Name="Src">11#rconn:3</P>
    <P Name="Points">[20, 0; 0, 5]</P>
    <P Name="Dst">9#lconn:3</P>
  </Line>
  <Line LineType="Connection">
    <P Name="ZOrder">13</P>
    <P Name="Src">11#rconn:2</P>
    <P Name="Points">[40, 0; 0, 10]</P>
    <P Name="Dst">9#lconn:2</P>
  </Line>
  <Line LineType="Connection">
    <P Name="ZOrder">14</P>
    <P Name="Src">9#rconn:3</P>
    <P Name="Dst">8#lconn:3</P>
  </Line>
  <Line LineType="Connection">
    <P Name="ZOrder">15</P>
    <P Name="Src">11#rconn:1</P>
    <P Name="Points">[0, 5; 41, 0; 0, 10]</P>
    <P Name="Dst">9#lconn:1</P>
  </Line>
  <Line>
    <P Name="ZOrder">16</P>
    <P Name="Src">8#out:1</P>
    <P Name="Points">[3, 0; 0, -145]</P>
    <P Name="Dst">2#in:1</P>
  </Line>
  <Line>
    <P Name="ZOrder">17</P>
    <P Name="Src">8#out:2</P>
    <P Name="Points">[10, 0]</P>
    <P Name="Dst">1#in:1</P>
  </Line>
  <Line>
    <P Name="ZOrder">18</P>
    <P Name="Src">2#out:1</P>
    <P Name="Points">[55, 0; 0, -20; 30, 0]</P>
    <Branch>
      <P Name="ZOrder">35</P>
      <P Name="Points">[0, -65]</P>
      <P Name="Dst">54#in:1</P>
    </Branch>
    <Branch>
      <P Name="ZOrder">34</P>
      <P Name="Dst">3#in:1</P>
    </Branch>
  </Line>
  <Line>
    <P Name="ZOrder">19</P>
    <P Name="Src">2#out:2</P>
    <P Name="Points">[65, 0; 0, -20; 52, 0]</P>
    <Branch>
      <P Name="ZOrder">37</P>
      <P Name="Points">[0, -28; 108, 0; 0, -62]</P>
      <P Name="Dst">55#in:1</P>
    </Branch>
    <Branch>
      <P Name="ZOrder">36</P>
      <P Name="Dst">3#in:2</P>
    </Branch>
  </Line>
  <Line>
    <P Name="ZOrder">20</P>
    <P Name="Src">2#out:3</P>
    <P Name="Points">[75, 0; 0, -20; 60, 0]</P>
    <Branch>
      <P Name="ZOrder">39</P>
      <P Name="Points">[0, -32; 213, 0; 0, -53]</P>
      <P Name="Dst">56#in:1</P>
    </Branch>
    <Branch>
      <P Name="ZOrder">38</P>
      <P Name="Dst">3#in:3</P>
    </Branch>
  </Line>
  <Line>
    <P Name="ZOrder">21</P>
    <P Name="Src">1#out:1</P>
    <P Name="Points">[9, 0]</P>
    <Branch>
      <P Name="ZOrder">50</P>
      <P Name="Points">[0, 65]</P>
      <P Name="Dst">57#in:1</P>
    </Branch>
    <Branch>
      <P Name="ZOrder">49</P>
      <P Name="Points">[71, 0; 0, 30; 5, 0]</P>
      <Branch>
        <P Name="ZOrder">22</P>
        <P Name="Points">[0, -45]</P>
        <P Name="Dst">16#in:1</P>
      </Branch>
      <Branch>
        <P Name="ZOrder">23</P>
        <P Name="Dst">4#in:1</P>
      </Branch>
    </Branch>
  </Line>
  <Line>
    <P Name="ZOrder">24</P>
    <P Name="Src">1#out:2</P>
    <P Name="Points">[23, 0]</P>
    <Branch>
      <P Name="ZOrder">43</P>
      <P Name="Points">[0, 95]</P>
      <P Name="Dst">58#in:1</P>
    </Branch>
    <Branch>
      <P Name="ZOrder">42</P>
      <P Name="Points">[47, 0; 0, 30; 25, 0]</P>
      <Branch>
        <P Name="ZOrder">25</P>
        <P Name="Points">[0, -40]</P>
        <P Name="Dst">16#in:2</P>
      </Branch>
      <Branch>
        <P Name="ZOrder">26</P>
        <P Name="Dst">4#in:2</P>
      </Branch>
    </Branch>
  </Line>
  <Line>
    <P Name="ZOrder">27</P>
    <P Name="Src">1#out:3</P>
    <P Name="Points">[37, 0]</P>
    <Branch>
      <P Name="ZOrder">48</P>
      <P Name="Points">[0, 62; 310, 0; 0, 63]</P>
      <P Name="Dst">59#in:1</P>
    </Branch>
    <Branch>
      <P Name="ZOrder">47</P>
      <P Name="Points">[23, 0; 0, 30; 60, 0]</P>
      <Branch>
        <P Name="ZOrder">28</P>
        <P Name="Points">[0, -35]</P>
        <P Name="Dst">16#in:3</P>
      </Branch>
      <Branch>
        <P Name="ZOrder">29</P>
        <P Name="Dst">4#in:3</P>
      </Branch>
    </Branch>
  </Line>
  <Line>
    <P Name="ZOrder">30</P>
    <P Name="Src">16#out:1</P>
    <P Name="Points">[0, -95; -595, 0]</P>
    <P Name="Dst">9#in:1</P>
  </Line>
  <Line>
    <P Name="ZOrder">31</P>
    <P Name="Src">51#out:1</P>
    <P Name="Points">[80, 0; 0, -90]</P>
    <P Name="Dst">10#in:1</P>
  </Line>
</System>
