<?xml version="1.0" encoding="utf-8"?>
<System>
  <P Name="Location">[-8, -8, 1928, 1168]</P>
  <P Name="SetExecutionDomain">off</P>
  <P Name="ExecutionDomainType">Deduce</P>
  <P Name="SimulinkSubDomain">Simulink</P>
  <Block BlockType="SubSystem" Name="Gates" SID="12:225">
    <P Name="Ports">[0, 1]</P>
    <P Name="Position">[15, 112, 80, 138]</P>
    <P Name="ZOrder">-1</P>
    <P Name="FontName">Arial</P>
    <P Name="FontSize">14</P>
    <P Name="RequestExecContextInheritance">off</P>
    <System Ref="system_12_225"/>
  </Block>
  <Block BlockType="SubSystem" Name="Sources" SID="12:228">
    <P Name="Ports">[0, 1]</P>
    <P Name="Position">[15, 51, 80, 79]</P>
    <P Name="ZOrder">-2</P>
    <P Name="FontName">Arial</P>
    <P Name="FontSize">14</P>
    <P Name="RequestExecContextInheritance">off</P>
    <System Ref="system_12_228"/>
  </Block>
  <Block BlockType="S-Function" Name="State-Space" SID="12:233">
    <P Name="Ports">[2, 2]</P>
    <P Name="Position">[115, 35, 245, 155]</P>
    <P Name="ZOrder">-3</P>
    <P Name="FontName">Arial</P>
    <P Name="FontSize">14</P>
    <P Name="FunctionName">sfun_spssw_discc</P>
    <P Name="Parameters">S.Ts,S.A, S.B, S.C, S.D, S.x0, S.EnableUseOfTLC,S.SwitchResistance ,S.SwitchType, S.SwitchGateInitialValue, S.OutputsToResetToZero, S.TBEON,S.SaveMatrices,S.BufferSize</P>
    <P Name="SFunctionDeploymentMode">off</P>
    <P Name="EnableBusSupport">off</P>
    <P Name="SFcnIsStateOwnerBlock">off</P>
  </Block>
  <Block BlockType="SubSystem" Name="Status" SID="12:234">
    <P Name="Ports">[1]</P>
    <P Name="Position">[280, 113, 345, 137]</P>
    <P Name="ZOrder">-4</P>
    <P Name="FontName">Arial</P>
    <P Name="FontSize">14</P>
    <P Name="RequestExecContextInheritance">off</P>
    <System Ref="system_12_234"/>
  </Block>
  <Block BlockType="SubSystem" Name="Yout" SID="12:237">
    <P Name="Ports">[1]</P>
    <P Name="Position">[280, 53, 345, 77]</P>
    <P Name="ZOrder">-5</P>
    <P Name="FontName">Arial</P>
    <P Name="FontSize">14</P>
    <P Name="RequestExecContextInheritance">off</P>
    <System Ref="system_12_237"/>
  </Block>
  <Line>
    <P Name="ZOrder">1</P>
    <P Name="Src">12:225#out:1</P>
    <P Name="Dst">12:233#in:2</P>
  </Line>
  <Line>
    <P Name="ZOrder">2</P>
    <P Name="Src">12:228#out:1</P>
    <P Name="Dst">12:233#in:1</P>
  </Line>
  <Line>
    <P Name="ZOrder">3</P>
    <P Name="Src">12:233#out:2</P>
    <P Name="Dst">12:234#in:1</P>
  </Line>
  <Line>
    <P Name="ZOrder">4</P>
    <P Name="Src">12:233#out:1</P>
    <P Name="Dst">12:237#in:1</P>
  </Line>
</System>
