<?xml version="1.0" encoding="utf-8"?>
<System>
  <P Name="Location">[65, 167, 1049, 987]</P>
  <P Name="SetExecutionDomain">off</P>
  <P Name="ExecutionDomainType">Deduce</P>
  <P Name="SimulinkSubDomain">Simulink</P>
  <Block BlockType="From" Name="From1" SID="12:246">
    <P Name="Position">[15, 21, 85, 49]</P>
    <P Name="ZOrder">1</P>
    <P Name="GotoTag">T50_4697_3798276857506</P>
    <P Name="TagVisibility">global</P>
  </Block>
  <Block BlockType="From" Name="From2" SID="12:247">
    <P Name="Position">[15, 66, 85, 94]</P>
    <P Name="ZOrder">2</P>
    <P Name="GotoTag">T50_4698_3800241594486</P>
    <P Name="TagVisibility">global</P>
  </Block>
  <Block BlockType="From" Name="From3" SID="12:248">
    <P Name="Position">[15, 111, 85, 139]</P>
    <P Name="ZOrder">3</P>
    <P Name="GotoTag">T50_4699_3802341821065</P>
    <P Name="TagVisibility">global</P>
  </Block>
  <Block BlockType="From" Name="From4" SID="12:249">
    <P Name="Position">[15, 156, 85, 184]</P>
    <P Name="ZOrder">4</P>
    <P Name="GotoTag">T54_5081_4358617551171</P>
    <P Name="TagVisibility">global</P>
  </Block>
  <Block BlockType="From" Name="From5" SID="12:250">
    <P Name="Position">[15, 201, 85, 229]</P>
    <P Name="ZOrder">5</P>
    <P Name="GotoTag">T54_5082_4360808213896</P>
    <P Name="TagVisibility">global</P>
  </Block>
  <Block BlockType="From" Name="From6" SID="12:251">
    <P Name="Position">[15, 246, 85, 274]</P>
    <P Name="ZOrder">6</P>
    <P Name="GotoTag">T54_5083_4363147749214</P>
    <P Name="TagVisibility">global</P>
  </Block>
  <Block BlockType="Mux" Name="Mux" SID="12:226">
    <P Name="Ports">[6, 1]</P>
    <P Name="Position">[325, 272, 330, 613]</P>
    <P Name="ZOrder">-1</P>
    <P Name="ShowName">off</P>
    <P Name="Inputs">[1 1 1 1 1 1]</P>
    <P Name="DisplayOption">bar</P>
  </Block>
  <Block BlockType="Outport" Name="gates" SID="12:227">
    <P Name="Position">[390, 433, 420, 447]</P>
    <P Name="ZOrder">-2</P>
    <P Name="VectorParamsAs1DForOutWhenUnconnected">off</P>
  </Block>
  <Line>
    <P Name="ZOrder">1</P>
    <P Name="Src">12:226#out:1</P>
    <P Name="Points">[20, 0; 0, -5]</P>
    <P Name="Dst">12:227#in:1</P>
  </Line>
  <Line>
    <P Name="ZOrder">2</P>
    <P Name="Src">12:246#out:1</P>
    <P Name="Dst">12:226#in:1</P>
  </Line>
  <Line>
    <P Name="ZOrder">3</P>
    <P Name="Src">12:247#out:1</P>
    <P Name="Dst">12:226#in:2</P>
  </Line>
  <Line>
    <P Name="ZOrder">4</P>
    <P Name="Src">12:248#out:1</P>
    <P Name="Dst">12:226#in:3</P>
  </Line>
  <Line>
    <P Name="ZOrder">5</P>
    <P Name="Src">12:249#out:1</P>
    <P Name="Dst">12:226#in:4</P>
  </Line>
  <Line>
    <P Name="ZOrder">6</P>
    <P Name="Src">12:250#out:1</P>
    <P Name="Dst">12:226#in:5</P>
  </Line>
  <Line>
    <P Name="ZOrder">7</P>
    <P Name="Src">12:251#out:1</P>
    <P Name="Dst">12:226#in:6</P>
  </Line>
</System>
